,SBS1,SBS2_13,SBS3,SBS4,SBS5,SBS6,SBS7a,SBS7b,SBS7c,SBS7d,SBS8,SBS9,SBS10a,SBS10b,SBS10c,SBS10d,SBS11,SBS12,SBS14,SBS15,SBS16,SBS17a,SBS17b,SBS18,SBS19,SBS20,SBS21,SBS22a,SBS22b,SBS23,SBS24,SBS25,SBS26,SBS27,SBS28,SBS29,SBS30,SBS31,SBS32,SBS33,SBS34,SBS35,SBS36,SBS37,SBS38,SBS39,SBS40a,SBS40b,SBS40c,SBS41,SBS42,SBS43,SBS44,SBS45,SBS46,SBS47,SBS48,SBS49,SBS50,SBS51,SBS52,SBS53,SBS54,SBS55,SBS56,SBS57,SBS58,SBS59,SBS60,SBS84,SBS85,SBS86,SBS87,SBS88,SBS89,SBS90,SBS91,SBS92,SBS93,SBS94,SBS95,SBS96,SBS97,SBS98,SBS99
A[C>A]A,0.000121478,0.000683913,0.015530702,0.023633491,0.007220416,9.37E-05,3.69E-05,0.00124924,0.005046572,3.36E-05,0.032740659,0.000449166,0.001896098,3.88E-05,0.003048854,0.008495344,0.000101487,0.003805882,0.000735055,0.000229623,0.013754879,0.001862304,0.000599004,0.027704549,0.000900126,0.000376575,0.000104547,0.005025563,0.004884796,0.000508259,0.015375433,0.006101468,0.000662254,0.003294625,0.000889348,0.027319253,0.001108464,0.006409872,0.012023853,0.00232275,0.004153953,0.00643119,0.016573951,0.002975279,0.007749686,0.006514597,0.023313642,0.011124343,0.002527048,0.001683891,0.000804281,0.019337701,4.29E-18,0.004909018,0.003152062,0.05576747,0.000112065,0.005303076,0.077937195,0.091366685,0.006307251,0.002103645,0.001355754,0.004304233,0.011032542,0.009683551,0.044561068,0.002344272,0.00437917,0.002383212,0.005848317,0.001692536,0.001807836,8.79E-19,0.021363389,0.002148424,0.000790447,0.007465948,0.008050919,0.00885784,0.021659309,0.007849773,0.00526242,0.001804113,2.99E-06
A[C>A]C,0.00053996,0.000563872,0.021280223,0.032212477,0.009811093,0.00019947,0.00017051,0.000426929,0.002075448,0.001099684,0.061297277,0.005686695,0.002647002,0.002409548,0.018030804,0.026762544,0.000662768,0.001643463,0.014850384,0.000208816,0.004306249,0.001426552,0.000219523,0.014681329,0.000784734,0.001460632,0.002714477,0.000135675,0.005271209,0.000419504,0.01933465,0.007451808,0.000691845,0.005177393,0.00495725,0.038228404,0.000538225,0.021470253,0.01750899,0.002876812,0.01025431,0.058121526,0.009451773,0.001886527,0.010562336,0.006876576,0.018557815,0.006474613,0.007298433,0.001681729,0.024670704,0.006680351,0.000144603,0.002652684,0.005815731,0.042196084,0.000190399,0.002565511,0.143669966,0.001891559,0.004687472,0.001323764,0.000862988,0.002592011,0.023744835,0.001944598,0.008820811,0.002673169,0.000958117,0.0059368,0.001461925,0.003735142,0.00159136,1.52E-18,0.02029637,0.00119373,0.024573677,0.011092122,0.009728466,0.024302047,0.016932797,0.009217528,0.008369719,0.002395778,9.39E-06
A[C>A]G,0.0001936,0.000947902,0.010424037,0.06969638,0.008880203,9.14E-05,0.000313041,0.000795561,0.003142399,0.001659788,0.027362828,0.002735598,0.001036046,9.10E-05,0.003689906,0.004868397,0.000521629,0.00362728,0.002162329,8.94E-05,0.006995316,0.000341588,0.000457456,0.010428465,0.001390928,0.000105752,0.001561806,0.005240835,0.006274508,4.78E-07,0.049872125,0.007129142,0.000689897,0.003950029,0.003194481,0.06620994,0.000448608,0.008897729,0.019184205,0.002466679,0.000353989,0.008076361,0.011752865,0.006369521,0.009176939,0.011859958,0.019152737,0.007220529,0.010832225,0.000390868,0.000184702,0.003273615,4.08E-06,0.007135993,0.001714484,0.009055251,0.00026977,0.011983784,0.030146979,0.024813055,0.013704622,0.118846188,0.008211847,0.000262151,0.001438941,0.020914334,0.004979253,0.000739728,1.27E-15,0.002478613,0.002348098,0.00176184,0.009979405,7.01E-18,0.05123523,0.001078695,0.0004373,0.024690585,0.009770731,0.007140346,0.037609948,0.010941559,0.007073096,0.053879664,0.000320426
A[C>A]T,0.00021933,0.000209296,0.011384464,0.020647261,0.004970584,4.96E-05,0.000170926,0.000475744,0.002559355,0.004212325,0.043608554,0.003068294,0.018394607,4.35E-06,0.011548319,0.014902883,0.000231082,0.001283813,0.067749637,0.000337437,0.01138853,6.95E-05,0.000561457,0.014387411,0.000505779,0.000942776,0.000516805,0.001796721,0.003576705,4.26E-18,0.011613781,0.003828076,0.000586849,0.002149623,0.005628224,0.019232102,0.000427906,0.005273338,0.009838223,0.001773458,0.001311181,0.019661168,0.014713079,0.001741515,0.006696416,0.005149421,0.012356368,0.004916037,0.006871298,0.001326503,0.006906105,0.001695814,0.004031578,0.006491996,0.003044009,0.012232725,6.37E-06,0.002104445,0.068099847,0.017168392,0.004791743,8.35E-06,0.000324753,0.001070358,0.025168531,0.008500966,0.005275935,0.01183332,0.000395116,0.007974477,0.003266391,0.002594756,0.001248327,0.001900644,0.017216635,0.002140493,4.39E-05,0.006389311,0.007320998,0.007870154,0.016416985,0.010135274,0.005528237,0.000962407,3.00E-05
C[C>A]A,4.66E-05,0.000657964,0.018299157,0.049227724,0.004869569,0.000436893,0.000273315,0.000665757,0.00012405,0.013144093,0.032427539,0.004208566,0.002998917,0.000121046,0.013365781,0.009152506,0.000467916,0.004970923,0.011652264,0.011074937,0.009738474,0.000289083,0.000290814,0.043360708,0.001019048,0.024915538,1.61E-16,0.001648098,0.00525943,0.000100115,0.011686393,0.009935315,0.001165066,0.003492184,0.00250826,0.02551948,0.000515147,0.00783079,0.000728251,0.002196477,0.001811708,0.02372043,0.039974267,0.002641844,0.251257995,0.006125533,0.009597918,0.007415287,0.006218854,0.002068851,0.008760495,0.004733879,1.73E-05,0.139692783,0.012172714,0.022039775,0.000168464,0.052699974,0.016050964,0.004926574,0.025943538,0.142251657,4.32E-05,0.004983326,0.002365252,0.007460528,0.005092717,0.001586132,0.000915207,7.48E-19,0.004467565,0.003816617,0.001878056,9.57E-19,0.017846389,0.001260073,0.002395072,0.01331537,0.004924068,0.049496649,0.036081614,0.006931637,0.005323615,0.000350815,0.018717869
C[C>A]C,0.00037332,0.000607594,0.028735148,0.067895174,0.005619718,0.001371107,0.00020133,0.001264117,0.004911035,0.00407627,0.043817311,0.002350924,0.000266032,0.001031777,0.010354131,0.018971963,0.001042558,0.005481834,0.019666782,0.001868533,0.011808363,0.001587462,6.16E-05,0.016038549,0.000826914,0.09152149,0.002633591,0.005534249,0.006106263,0.000583317,0.022424179,0.007331132,0.001742419,0.002145055,0.000188082,0.024262931,0.000363451,0.011855616,0.004035237,0.002169905,4.76E-05,0.036560294,0.020208871,0.000932653,0.064006501,0.007673527,0.010563897,0.006982686,0.011967106,0.001115609,0.034593051,8.17E-05,0.025723498,0.123770836,0.007845844,0.006593667,7.11E-06,0.009191477,0.002879127,0.003124591,0.011992653,0.002111464,0.002453721,0.004175561,0.008897062,0.004718358,0.002105991,0.005890247,0.000274032,0.005448794,0.000448053,0.002746587,0.001851278,1.34E-18,0.014662252,0.000662747,0.001869982,0.013989156,0.005074708,0.065722607,0.032592551,0.002771393,0.005358637,0.000815728,3.07E-06
C[C>A]G,9.23E-05,1.17E-05,0.013534403,0.099087576,0.015034699,0.002626059,8.88E-16,0.001579751,0.014411876,0.000511536,0.018282722,0.007963982,0.000290094,0.000129087,0.012223192,0.006184858,4.62E-05,0.007114434,0.006540616,0.000116264,0.010802485,1.44E-15,1.59E-15,0.04661898,0.001207951,0.032642858,0.00952166,0.000819528,0.006068489,0.000571451,0.04880717,0.005697009,0.001983156,0.001214754,1.82E-15,0.046200978,0.001810011,0.001596373,6.46E-05,0.002001029,0.001835639,0.011571536,0.03372264,0.004063391,0.222988251,0.023080821,0.007490457,0.00546697,0.015297014,0.001504215,0.009413377,0.000121162,0.015074101,0.264230946,0.023280495,0.001609752,0.129676737,0.785776506,2.45E-17,0.020122172,0.040754269,0.19116854,0.026879385,0.003388553,4.25E-17,0.006083463,0.00797684,0.00384334,0.001948919,0.000343026,0.001092337,0.002292581,0.029111221,6.34E-18,0.015777989,0.001522212,0.004509897,0.025137317,0.007577142,0.025559039,0.060625758,0.007153975,0.006363603,0.079811514,0.006838978
C[C>A]T,3.45E-17,0.000178362,0.012967227,0.043577584,0.004403767,0.002385903,0.000231353,0.000900897,0.015906761,0.000109806,0.027628761,0.002777744,0.016891232,0.00200372,0.035630842,0.017571191,0.000117584,0.001044499,0.192430499,0.007872719,0.002413987,0.000138995,0.000202208,0.022021613,2.75E-05,0.172886393,0.014343059,0.000102569,0.004082937,0.00039813,0.008145556,0.008757262,0.006108118,0.002210694,0.000259687,0.025299838,0.000206255,0.021139943,0.001623486,0.002130891,0.00059638,0.067761524,0.044872423,0.001503496,0.125629196,0.003786323,0.004847925,0.008828783,0.01344999,0.002384933,0.016497987,3.86E-18,0.054568243,0.117889896,0.006705308,0.000632607,0.000124899,0.011674784,0.000849365,0.00370489,0.008797373,0.002169471,0.003914269,2.34E-05,0.070403332,0.007289057,0.001672226,0.001487523,4.34E-05,0.00436607,0.000933761,0.002141475,0.001110088,9.91E-19,0.012532137,0.001118218,0.000980725,0.009321458,0.007893702,0.025584987,0.035321121,0.002012519,0.003156803,0.000249285,0.010319364
G[C>A]A,0.000302004,0.000542138,0.007421818,0.024671497,0.008556066,0.000131191,3.12E-05,0.000557599,0.001529437,0.000194914,0.025047084,0.008663281,0.001460478,0.000217372,0.008260188,0.002832703,0.000159895,0.002324208,0.001903086,0.000776556,0.010318888,0.00223251,0.001370724,0.081745404,0.000804298,0.00915964,0.001986629,0.002589728,0.003065402,0.000285971,0.036627674,0.011599143,0.000524548,0.009521055,0.000246702,0.058514564,0.000809569,0.012270585,0.003390067,0.004591702,0.003341427,0.010021685,0.062073634,0.002142168,0.010128575,0.005340515,0.009061986,0.004108666,0.003618541,0.003437819,0.007452419,0.008498823,5.97E-18,0.005671738,0.007190639,0.012728207,0.000137409,0.00232099,0.012965198,0.003559246,0.004766688,0.000235487,0.004541374,0.000872524,0.000264886,0.002074361,0.002889907,0.093765666,0.000513216,0.002587012,0.001930523,0.003867638,0.001995094,0.010600804,0.006278921,0.001319524,0.00131906,0.008212537,0.0021745,0.011011533,0.052301704,0.005808084,0.002451838,0.000382035,9.60E-06
G[C>A]C,7.80E-05,0.000284215,0.013653173,0.032694448,0.007721857,0.000337546,0.000127671,0.000193378,0.001300566,3.10E-16,0.032630931,0.009020444,0.000640522,0.000912458,0.00877861,0.035283229,0.000472273,0.000589024,0.024662056,0.001016068,0.006129218,0.001931834,4.59E-06,0.015612386,0.000323406,0.005766196,0.007897844,0.002384357,0.003295712,0.000552428,0.090701667,0.006689332,0.000847548,0.013154349,0.001941044,0.065481532,0.000510334,0.024233647,0.003274362,0.001212821,0.000669666,0.061335742,0.021183908,0.000794805,0.00637842,0.006491811,0.011817178,0.005471191,0.006918774,0.000967941,0.031171953,0.001858441,0.004372385,0.005179766,0.00360531,0.004801865,7.61E-05,0.000878993,0.008328108,0.003565513,0.005095501,0.002256461,0.0096134,0.000235776,0.01078153,0.000993178,0.001370704,0.14131318,0.00103446,0.011778502,0.000813673,0.00348788,0.00157712,1.47E-18,0.00671308,0.000680498,0.00264358,0.008650468,0.001984188,0.029042609,0.043538939,0.004788012,0.002691844,0.001285901,3.83E-05
G[C>A]G,0.000673712,0.000559427,0.008937942,0.071726666,0.011786113,0.000658605,0.000196071,0.00032727,1.94E-15,0.00012681,0.017028372,0.001152239,7.61E-05,0.000152129,0.005257084,0.000613829,8.08E-05,0.003150639,0.006098155,0.000822621,0.009786997,0.000798286,0.000762082,0.034043909,0.001216261,0.007995305,0.009420423,0.003619658,0.003501392,0.000606347,0.233015691,0.00339468,0.000819167,0.008628387,0.000375128,0.083224919,1.14E-15,0.005466899,0.00395833,0.002138172,0.001620808,0.003091096,0.026591719,0.00319047,0.006943341,0.021114154,0.018969494,0.005208374,0.007101904,0.001469697,0.006152184,0.000971249,0.002826514,0.009427494,0.002398699,0.005391217,0.000810815,0.012079491,0.001337711,0.023215944,0.014033035,0.166275236,0.029633288,0.000472962,7.18E-05,4.33E-17,0.017289276,0.066141307,0.002324638,0.004387568,0.002916962,0.001069645,0.013978452,0.00424354,0.009339015,0.001004757,0.000132805,0.024579554,0.001721833,0.008397814,0.074418827,0.003885262,0.002420876,0.032192294,0.00039379
G[C>A]T,4.38E-17,6.06E-05,0.010692255,0.017001719,0.00587634,0.000388177,1.76E-16,0.000112862,0.000543123,8.82E-05,0.02859846,0.009867053,0.013761987,0.00085525,0.01215355,0.011895104,2.21E-16,3.32E-05,0.118416989,0.006339531,0.007140134,6.05E-05,0.000753371,0.047992508,0.000277079,0.002169215,0.008486749,0.000653963,0.002478969,2.69E-05,0.032905342,0.009266805,0.000887511,0.006710085,0.000256658,0.052367719,0.000760147,0.003377145,0.002524806,0.003411728,1.65E-05,0.023884029,0.064985453,0.001391431,0.007880967,0.004696329,0.005811492,0.005981642,0.006684893,0.002228475,0.017970907,0.001304785,0.009031133,0.005393801,0.002462038,0.00166078,3.73E-06,0.001766886,0.001913241,0.003201322,0.002501613,0.000638317,0.006048999,0.000773599,0.019685491,0.002198395,0.000379184,0.466611797,0.000135616,0.010005465,0.00105086,0.006867226,0.000308,0.004355593,0.006882515,0.00055937,0.000448614,0.006186811,0.003088699,0.009236049,0.051932657,0.001280091,0.002320744,0.000907249,2.32E-05
T[C>A]A,9.27E-06,0.030756392,0.006455677,0.022914827,0.004862074,8.07E-05,0.000221113,0.001598476,0.002706874,0.009753596,0.022744855,0.014068219,0.083668605,9.78E-05,0.043552711,0.22362987,0.000128632,0.003012411,0.000234126,0.004301211,0.009545059,0.000175732,1.26E-05,0.040814858,0.001005535,0.001069488,0.000999495,0.000674038,0.004400497,0.001332897,0.012940775,0.004397205,0.000731529,0.004602774,0.016676691,0.020086685,0.000440632,0.001284789,0.005393488,0.009137075,0.003744369,0.00394602,0.095337268,0.00154874,0.011017053,0.003423111,0.018123964,0.018939486,0.007868231,0.002715674,0.003635282,0.004245624,0.000489428,0.035454737,0.009058686,0.014290783,0.016708735,0.007146084,0.012792914,0.023782365,0.197939545,0.001073296,0.000431689,0.00130944,0.197136587,0.011574005,0.00573226,1.59E-05,0.00147872,0.001470309,0.001922692,0.005042679,0.000829689,9.03E-19,0.010746271,0.002023361,0.092143998,0.010059661,0.007073497,0.014752548,0.034870225,0.00557569,0.002589033,0.00073679,0.012746375
T[C>A]C,0.000451521,0.014458978,0.016327958,0.03418874,0.007181995,0.000142859,0.000456546,0.002456562,0.019312233,0.008406174,0.024255899,0.00257752,0.011235867,0.001055047,0.007827377,0.015751446,0.000848704,0.003156488,0.020758837,0.001839565,0.006568553,3.03E-05,2.86E-16,0.030529885,0.001042493,0.002668618,0.000204558,0.00189061,0.005124688,0.000526092,0.028535675,0.008182653,0.000622079,0.005160963,0.000667404,0.023125354,0.000194783,0.00820349,0.006520026,0.004967728,0.001354527,0.02189966,0.066090287,0.001558915,0.009062891,0.005696644,0.024498064,0.013110408,0.006785869,0.001786714,0.048734718,4.58E-06,0.001612761,0.045030427,0.006620567,8.68E-05,0.000646603,0.001405303,0.000755312,0.002412291,0.025277679,0.001852619,3.31E-05,7.89E-18,0.015044363,0.000726559,0.000422467,0.017169586,0.000151077,8.09E-06,0.000212124,0.002944565,0.001095993,0.002639425,0.014509248,0.000997353,0.015807289,0.011006825,0.003655863,0.015025866,0.030708124,0.002655463,0.003588895,0.001678088,3.45E-05
T[C>A]G,2.78E-16,0.041680254,0.009586267,0.055583338,0.012601189,0.000401343,0.000172628,0.001464584,2.11E-15,1.68E-15,0.012844142,0.003261631,0.009144864,0.001112886,0.01703171,0.058874563,1.40E-15,0.003871782,4.23E-05,0.000170286,0.011663418,1.82E-15,0.000853177,0.062208577,0.001839276,1.23E-15,0.000414146,1.72E-15,0.006394118,0.000505709,0.037654022,5.61E-18,0.00084961,0.00834909,0.001332438,0.068486302,0.000463243,0.005842613,0.011684723,0.009316771,1.72E-15,0.000628251,0.088033012,0.007681592,0.013120603,0.015260573,0.031718368,0.010616544,0.011429354,0.001504197,0.005707175,1.83E-17,1.60E-06,0.089790426,0.0163074,0.000179032,0.846160537,0.077913347,0.00024987,0.0267872,0.50629545,0.001591478,0.004732166,0.000660407,0.043531181,0.001598592,0.018806403,0.003769692,0.001329146,6.25E-18,3.49E-08,0.005620865,0.00581993,0.004615909,0.011791129,0.000684172,0.778311398,0.014360073,0.001106583,0.013499709,0.060858537,0.001253995,0.003111989,0.04601869,0.000113846
T[C>A]T,7.34E-07,0.012286993,0.006774836,0.021049478,0.006954414,0.000149823,0.000307658,0.000687995,0.003546778,0.000144661,0.021553379,0.019999107,0.527918957,0.015840157,0.120945587,0.261339077,2.99E-05,0.00180078,0.090189239,0.001782034,0.00723693,0.000235802,0.002304281,0.059728215,0.000890133,0.000500502,1.35E-16,0.000302674,0.004424583,0.000132949,0.008764692,0.013797809,0.000966528,0.00564564,0.000575026,0.016168489,0.000372689,0.002745511,0.004730333,0.008700175,2.49E-05,0.010141399,0.124498667,0.001672616,0.015317743,0.003319089,0.013892576,0.012166599,0.007962296,0.004285084,0.017226156,3.89E-18,0.008431526,0.030404912,0.001955866,0.000143724,2.23E-05,0.001682434,0.001102669,0.000218196,0.023035742,0.000309945,0.004112778,0.002704707,0.320336886,0.004435024,0.010121235,0.002276084,0.000263099,0.00075198,0.001801038,0.00473559,0.000757995,0.008304297,0.011310332,0.00128525,0.018686586,0.007908203,0.0055388,0.004218456,0.028958332,0.006003594,0.003931267,0.000540071,0.00236623
A[C>G]A,0.000255021,0.001453792,0.014709367,0.003858643,0.006077183,0.000103801,3.58E-05,4.59E-06,0.001170219,0.000982028,0.003214672,0.003895987,1.93E-16,6.51E-05,0.000244695,0.000108268,0.00011817,0.001027252,1.46E-16,2.75E-05,0.001495843,0.000908661,0.00014384,0.000930657,0.002260947,0.005335329,1.13E-05,0.001388092,0.003354157,3.49E-18,0.001410823,0.004948969,0.000323921,0.000834723,0.000174693,0.001357317,0.00065892,0.005590161,0.00107298,0.001053079,0.000649961,0.002607436,0.001210162,0.025835963,0.001628645,0.02633679,0.005261256,0.005919236,0.00598069,0.00425362,0.000281498,0.000236641,0.0017748,0.001675856,0.000859653,0.000847205,2.60E-05,6.08E-05,0.002521498,0.002566043,0.000717865,0.002748814,0.000972879,0.002086235,0.000366,0.012124121,0.015585026,0.001919822,0.000268447,0.004638811,0.006958941,0.030086722,0.001584975,8.79E-19,0.009840106,0.00049579,6.53E-05,0.002013788,0.006161234,0.00398206,0.00203954,0.006382904,0.001513707,0.001413285,0.000348542
A[C>G]C,0.000288926,0.000703378,0.015089612,0.00274725,0.005924071,0.000110013,2.06E-05,0.000175031,0.000575711,0.003665613,0.003782991,0.002725164,3.63E-05,4.94E-05,0.000395299,0.000423789,0.000348194,0.000933719,6.55E-06,0.000113022,0.002984676,0.000884214,7.39E-05,0.002406623,0.002191378,0.001586729,0.000826995,0.000277376,0.0037598,4.29E-05,0.002677666,0.001745852,0.000495298,0.001933331,0.000438903,0.001963685,0.000496741,0.003667352,0.001890598,0.001677065,0.001664852,0.00572409,0.001897171,0.014571793,0.001652326,0.021639572,0.006218624,0.014011124,0.005020477,0.004355951,0.000605989,3.54E-05,0.000224617,0.001796379,0.001856084,0.000876599,2.58E-05,4.93E-05,0.001244386,0.005081466,0.001089443,0.003687629,0.000537741,0.000212418,0.00025106,0.00425636,0.002273809,0.002752123,0.0007232,0.012818946,0.004238814,0.077504322,0.001369114,0.006129386,0.006748598,0.000467111,5.78E-05,0.001923515,0.006510323,0.003918473,0.002733797,0.003003516,0.002475046,0.001155686,0.016430819
A[C>G]G,0.000125785,0.000836715,0.001507017,0.005718678,0.008256189,3.90E-16,0.000223349,0.00215999,1.85E-15,0.006015065,0.001693887,0.008733356,1.54E-15,3.78E-16,0.000238089,0.000180253,0.000330586,0.000504394,0.000204625,5.96E-05,0.005808851,0.001090922,1.75E-15,0.008239772,0.003482976,0.002276171,1.18E-15,0.001582524,0.00543749,1.39E-17,0.00310016,4.92E-18,0.000413278,5.05E-18,2.01E-15,0.003089796,0.000643563,0.016080237,0.004860572,0.001507417,1.51E-15,0.002010372,0.00262341,0.032148041,0.00307186,0.060410273,0.007649913,0.010361346,0.016351948,0.007703484,9.79E-05,0.023166308,0.000139769,0.001160675,5.71E-18,0.002152261,8.39E-05,0.000343838,0.004320894,0.010183691,0.002707823,0.007829498,0.008512281,0.002978236,0.002989638,0.017397209,0.010199932,0.004323765,0.001567816,0.00025189,0.003239622,0.022693366,0.049284626,7.01E-18,0.032055347,0.000359653,0.000101294,0.004769814,0.009054528,0.00249616,0.003608193,0.008899942,0.002988761,0.153145307,0.000120939
A[C>G]T,0.000195341,0.001920735,0.016236859,0.00248467,0.007594992,7.00E-05,6.59E-05,0.000190968,0.00252018,0.003026633,0.005297975,0.006448447,2.41E-16,5.92E-17,0.000454188,0.000111883,0.000464769,0.001515321,0.000167324,9.88E-05,0.01235548,2.20E-05,0.000392773,0.00274302,0.001895565,0.003360539,5.15E-05,6.47E-05,0.003818184,4.26E-18,0.001504512,0.002641911,0.000690187,0.001043199,0.000118108,0.001345167,0.000562589,0.00317408,0.001179239,0.001213418,0.002163983,0.008629069,0.001569943,0.017697559,0.001846243,0.03020066,0.006692291,0.021530893,0.006047015,0.008248255,0.000373467,0.000290009,0.00229479,0.000963024,0.001969653,0.001768091,0.000112371,4.65E-05,0.001612461,0.000728847,0.000886783,0.001485555,0.004063326,0.001161842,0.000134596,0.004988414,0.001919381,0.003125629,0.000222475,0.025387235,0.015650817,0.065929986,0.002447653,0.004434836,0.009047183,0.001126575,2.71E-05,0.003389778,0.012086031,0.005061698,0.00099882,0.005472356,0.002411216,0.000479336,5.35E-05
C[C>G]A,3.60E-06,0.002295488,0.01569661,0.00477637,0.004561535,9.86E-06,1.34E-16,0.000267471,0.000234443,0.001196565,0.004043334,0.000782969,4.31E-05,6.95E-06,8.45E-05,7.47E-05,0.000197615,0.001228974,6.11E-05,2.21E-05,0.003324191,0.000541909,0.000208185,0.000359191,0.001366451,5.09E-05,1.43E-05,0.00094563,0.002962177,0.000115364,0.001200846,0.004833397,0.000300769,0.003257994,1.78E-05,0.001549061,0.00085187,0.001500291,0.000675394,0.001220265,0.000110561,0.003062236,0.000888317,0.000362638,0.001114504,0.017466865,0.002808321,0.006068228,0.005215431,0.001808072,0.003217216,1.49E-05,3.26E-05,0.00083933,0.000390151,0.000856505,1.42E-05,4.97E-05,4.68E-05,0.002011567,0.000533334,0.001158456,0.000772549,0.002344156,0.000194561,0.000761489,0.000654307,0.001479442,3.65E-05,5.32E-06,0.001282306,0.013240625,0.001484822,0.004417385,0.01115816,0.00036002,1.94E-05,0.001729595,0.002559641,0.005694794,0.002773513,0.001760127,0.002118783,0.00204393,0.073586845
C[C>G]C,1.60E-05,0.000570864,0.01601445,0.005852445,0.008301439,1.25E-05,0.000109893,0.000782936,0.003591889,0.000362054,0.006166044,0.001885636,2.94E-16,7.20E-17,0.000222259,0.000159523,0.000187153,0.001141195,7.84E-05,6.29E-06,0.005936874,0.000321598,6.98E-05,0.001849343,0.001951388,4.05E-06,0.000276527,0.000980674,0.003379567,0.000236105,0.003353989,0.004312431,0.000371563,0.001212004,0.000130293,0.004168753,0.000742826,0.001900987,0.00067582,0.000465791,0.000153101,0.006979693,0.001370602,0.000358624,0.001160406,0.031930683,0.004252892,0.014600372,0.008510637,0.001456726,0.006981891,0.000211389,2.11E-05,0.000655739,0.00032691,0.000296528,2.43E-05,8.23E-05,0.000287913,0.000118281,0.000527045,0.003586514,0.000843049,0.003184561,0.000299677,0.003436977,0.001473043,0.001718403,0.000153804,0.00359258,0.000307513,0.051518212,0.001023407,0.001542232,0.010726616,0.000114295,8.25E-05,0.00397177,0.003395044,0.01303723,0.003539355,0.001015674,0.003107319,0.003217988,0.019328749
C[C>G]G,0.000348532,0.001456004,0.008088289,0.013750929,0.010819769,0.000134094,0.000308852,0.003062701,0.001976916,0.007933291,5.63E-05,0.002540338,0.000125666,3.42E-16,0.000916117,0.000175912,5.61E-05,0.001051966,9.05E-05,8.82E-05,0.009064154,0.00150732,1.59E-15,0.013907998,0.000246317,0.000825956,4.86E-05,0.001440194,0.003254349,8.17E-18,0.002882674,0.003667447,0.000228416,0.001648593,1.82E-15,0.004058195,0.000533665,0.004143778,0.002090983,0.001715169,0.001170372,0.004576014,0.001990113,0.001746118,0.004184307,0.049458903,0.004301848,0.006114117,0.012880591,0.002368707,0.002353343,0.012024146,3.09E-17,0.002502215,0.000517344,0.003979822,3.43E-05,0.000363136,0.006716202,0.009499536,0.00170209,0.004574492,0.001967227,0.001395599,0.000421215,0.00433802,0.00027931,0.003253873,0.001732941,1.09E-05,0.000279237,0.013057437,0.125112631,6.34E-18,0.019998243,0.000108525,0.000103522,0.007619248,0.003896602,0.007565845,0.005904787,0.006348823,0.003667866,0.147318763,0.003471066
C[C>G]T,3.45E-17,0.002738196,0.018777219,0.004307234,0.006466548,3.58E-06,5.95E-05,0.00053812,0.004995901,2.08E-16,0.004596421,0.002750511,2.94E-05,5.34E-17,0.000189133,0.000218627,7.55E-06,0.00148129,0.000131741,2.32E-05,0.009326324,3.96E-05,0.000214429,0.002299226,0.002573678,6.93E-06,0.000129914,0.000298382,0.002854792,0.00015582,0.0022436,0.000136224,0.000534674,0.000191118,2.84E-16,0.003261193,0.00070835,0.002591348,0.000300984,0.000557569,7.08E-05,0.013305899,0.001550138,0.000493521,0.000867115,0.025242153,0.004599772,0.01958274,0.007940127,0.004526872,0.005348162,0.000630566,5.44E-05,0.001160669,0.001211803,0.000127078,3.62E-05,4.55E-05,0.000378152,0.001907251,0.000561534,0.000224002,0.000941406,0.002732405,0.000759329,0.002548063,0.00106647,0.002547935,0.000117238,0.010301563,0.000525083,0.025993472,0.002183707,0.002858401,0.011858053,0.000321911,3.05E-05,0.003987766,0.004747637,0.005482862,0.002310228,0.001187035,0.002718731,0.002030961,0.03440414
G[C>G]A,1.83E-06,0.000819805,0.013219787,0.004130134,0.003925724,5.96E-06,1.51E-05,3.82E-05,0.000265102,0.0002274,0.002670309,0.001526174,1.81E-05,5.11E-06,0.000166924,0.000122135,4.53E-05,0.000662047,2.03E-16,0.000337073,0.001258401,0.001101204,8.23E-05,0.000476223,0.001294387,0.000567388,0.000360193,0.001625838,0.002071176,3.66E-18,0.001601724,0.003582847,0.000417734,0.001251842,0.000289401,0.001367951,0.000442129,0.001714135,0.000658469,0.000802767,3.97E-05,0.003431945,0.000812367,0.00138611,0.001012858,0.018629702,0.002378129,0.002538002,0.00413214,0.002269628,0.002319819,0.012428387,0.000170396,0.000250158,9.99E-05,0.001926432,1.43E-05,4.48E-05,0.024378223,0.003080464,0.000798305,0.00075225,0.001916303,0.000868442,0.000228266,0.004159697,0.002235986,0.001310898,0.000161807,0.010670695,0.002140002,0.004439737,0.000735253,1.22E-18,0.006038201,0.000586455,1.41E-05,0.00215785,0.003425465,0.002468211,0.002633188,0.00208469,0.000965317,0.001440582,0.032421685
G[C>G]C,3.77E-05,0.000466352,0.010809805,0.0054021,0.005127717,0.000253252,3.07E-05,0.000406544,0.000829068,3.10E-16,0.002976638,0.003821535,0.000120688,4.87E-05,0.000458572,0.000458165,0.000132936,0.00040822,4.77E-05,0.0002481,0.004456301,0.001260219,9.17E-05,0.001209283,0.0015338,0.002918818,0.001586271,0.001281764,0.003081913,0.000129683,0.004102834,0.002471021,0.000736832,0.001432127,4.23E-16,0.001189255,0.000264465,0.008464869,0.000814068,0.000972261,0.000276166,0.02614711,0.001191594,0.001185257,0.001096926,0.019895764,0.003310944,0.004836662,0.007327731,0.003601331,0.001651648,0.016714976,0.001114162,0.000913013,0.000961416,0.003146049,4.77E-05,3.90E-05,0.036256935,0.001239233,0.001009355,0.055558795,0.000231648,0.001731477,0.000144419,0.003394236,0.001891063,0.001884176,0.000161261,0.018145687,0.008165258,0.10508522,0.000405028,0.002551262,0.005114059,0.000478869,8.53E-05,0.002389345,0.005443746,0.006568733,0.0015608,0.001890405,0.001515239,0.001195698,0.025765921
G[C>G]G,0.000190521,0.000757847,0.015125747,0.015470457,0.007605569,4.09E-16,0.000208066,0.001512494,0.001574328,0.003796749,0.003032789,0.00351062,1.62E-15,3.96E-16,0.000193264,0.000134297,1.88E-05,0.00067233,1.22E-15,2.06E-05,0.000585243,0.000178463,1.84E-15,0.00287752,0.003541998,0.003524046,0.000652186,0.001483006,0.002943557,9.32E-18,0.011102721,0.002156498,0.000468578,5.30E-18,2.11E-15,2.49E-05,0.000603125,0.002570344,0.000309656,0.000291214,1.59E-15,0.00360323,0.000946954,0.003638146,0.005169494,0.045957077,0.003457849,0.005459992,0.009397018,0.001042147,0.001294278,0.0702371,3.59E-17,0.003134981,6.00E-18,0.003201682,4.73E-05,6.49E-05,0.015350749,0.001448286,0.003508261,0.009819404,0.008354064,0.035050018,4.12E-05,0.012257909,0.010829544,0.001962375,0.001204043,0.009756333,0.000215783,0.003662997,0.009201298,0.00424354,0.011562592,0.000377388,0.000143591,0.004928168,0.005305619,0.003351135,0.004228468,0.011213105,0.002901835,0.046034597,0.016825915
G[C>G]T,4.38E-17,0.001524524,0.015717614,0.002437983,0.005790176,0.000101305,3.31E-05,0.000212673,0.001915142,0.00105112,0.00516686,0.009878579,4.39E-05,3.45E-05,0.000155912,0.000445122,0.000185145,0.0006077,7.54E-05,0.000157095,0.003976316,0.001013903,3.15E-16,0.000947525,0.000324781,0.002630936,0.000197388,0.000540023,0.001873388,3.52E-18,0.002044486,0.00175628,0.000331323,0.004129284,3.61E-16,0.001987002,0.000351854,0.003232822,0.000176041,0.000995711,3.29E-05,0.009115565,0.000988909,0.001369859,0.000795032,0.025833798,0.002864582,0.007935589,0.005083142,0.004068395,0.002750243,0.016896505,0.001478548,0.000719173,0.00061551,0.002614844,1.22E-05,6.29E-05,0.013411439,0.002644571,0.000606091,0.000320838,0.004440127,7.15E-05,2.19E-06,0.000491538,0.001170054,0.002113312,6.55E-05,0.074759689,0.004388443,0.010217241,0.001298128,0.008711187,0.0054364,0.000365742,6.07E-05,0.001441443,0.005651995,0.003005742,0.001882095,0.001274832,0.001709292,0.001318341,0.013506905
T[C>G]A,3.14E-17,0.122424575,0.010209335,0.002061183,0.004831145,1.13E-05,1.26E-16,0.000140004,0.002083863,0.003199864,0.001121978,0.002226089,4.94E-05,4.87E-17,0.000187241,0.000104406,1.11E-05,0.000838801,1.33E-05,5.35E-05,0.002218342,0.003468405,0.000162056,0.00118352,0.001275135,8.07E-05,0.000447719,0.00306068,0.004263861,0.000132038,0.001628454,0.006209309,0.001021645,0.001865814,0.000134113,4.76E-05,8.04E-05,0.000273536,2.61E-18,0.009981678,5.42E-07,0.004964348,0.00269108,0.001386122,0.00165567,0.019863201,0.005413047,0.006875115,0.004261207,0.016326861,0.000398456,2.98E-06,0.000386149,0.001828135,0.00206214,0.000116694,1.85E-05,1.04E-05,0.000627526,0.001365654,0.000844656,0.001503418,0.003026341,0.005313017,0.001017189,0.001845366,0.001656677,1.58E-06,0.000387249,7.06E-19,0.000937418,0.024869724,0.000132473,9.03E-19,0.0153422,0.000648711,1.35E-05,0.013177831,0.009161823,0.003561194,0.002980272,0.001093302,0.001219078,0.00110542,0.031765838
T[C>G]C,3.62E-05,0.031098137,0.019729615,0.004337377,0.005952363,3.24E-05,3.65E-05,0.001130576,0.006269675,0.000636963,0.001294937,0.002095545,2.51E-16,6.16E-17,0.000362526,7.15E-05,0.000202675,0.001698805,0.000128141,1.94E-05,0.005852391,0.000846668,7.93E-05,0.003249052,0.002878386,2.23E-05,0.000546933,0.001651568,0.005627981,0.000210754,0.003067997,0.002623262,0.000735634,0.002559904,0.000200813,0.003842972,0.000790352,0.002553752,0.000772016,0.002440117,0.000155437,0.00533745,0.002063181,0.001088299,0.001718009,0.026598833,0.006581219,0.017801553,0.00884259,0.014750771,0.001687666,0.00087885,6.83E-06,0.001409831,0.002237938,0.001274069,5.97E-05,4.21E-05,0.000420281,0.003044884,0.000777775,0.002539718,0.000422389,0.003125266,0.000335079,0.002869343,0.001772587,0.001776457,0.000322545,0.000101804,0.002340492,0.035337618,0.000745139,1.14E-18,0.014341789,0.000410675,5.36E-05,0.00350617,0.006394879,0.003958431,0.002658494,0.00112005,0.002760745,0.002653482,0.02587016
T[C>G]G,8.66E-05,0.047344307,0.003535361,0.009331881,0.00936871,3.91E-06,3.19E-05,0.001777027,8.32E-05,0.006615442,0.000528659,0.002961118,1.76E-15,4.31E-16,6.67E-05,0.000149906,1.40E-15,0.001640716,0.000109311,0.00012932,0.003436404,0.003112911,0.000139056,0.004403583,0.002846038,0.000686889,0.00038019,0.002946011,0.00396508,1.42E-17,0.005192332,0.011560301,0.000649897,7.37E-05,0.000254124,0.003530585,0.00059437,0.002545052,0.004894817,0.000546526,1.72E-15,0.001027931,0.001808567,0.005898366,0.006064144,0.048773002,0.005488555,0.011278342,0.014950283,0.014024636,0.001306841,0.008774108,3.90E-17,0.000873373,0.000652296,7.49E-18,3.36E-05,0.000121695,0.000614238,0.01274457,0.002195208,0.006657856,0.007029669,0.00152636,0.000669047,0.009534192,0.004339942,0.002408083,0.000427084,4.51E-06,0.001488857,0.024183547,0.04791448,0.004615909,0.022010109,0.000547337,6.31E-05,0.001790531,0.004435017,0.005397923,0.003045845,0.003739807,0.001261726,0.11442893,2.63E-05
T[C>G]T,0.000194654,0.126555252,0.01596877,0.001722693,0.006844896,2.57E-05,0.000141031,0.000348389,0.01169581,6.46E-05,0.000168238,0.004124358,4.29E-05,8.42E-06,0.000222379,0.000128978,0.000117032,0.002337183,0.000191727,3.85E-05,0.022297567,0.000231709,0.001344911,0.00155685,0.001038488,0.000620091,0.000416335,0.00029656,0.004664087,0.000258143,0.001564574,0.009198539,0.001525734,0.001225812,0.000147628,0.00013218,6.11E-05,0.002592643,0.000339563,0.013661993,0.001668964,0.014052134,0.004543004,0.001748021,0.002176442,0.025691266,0.009556698,0.018674826,0.006793466,0.032392335,0.000240409,0.000149738,0.001315521,0.001613422,0.003194581,0.00069167,1.77E-05,0.000104599,0.000250932,0.001963762,0.000913877,0.001330876,0.000177649,0.001405648,0.000327509,0.00924262,0.0124622,0.000903302,0.000493148,0.003094292,0.00546585,0.057790388,0.002316084,0.003229449,0.015762289,0.001271578,6.53E-05,0.013787375,0.016287631,0.006525066,0.001948122,0.002456596,0.002457962,0.000654906,0.010460954
A[C>T]A,0.003427699,0.00272017,0.010602691,0.004872307,0.019615463,0.014126705,6.73E-05,0.000755978,0.001389636,0.002771316,0.005055871,0.006520143,0.00090043,0.000117102,0.003425866,0.001148985,0.017934035,0.004639472,0.008138111,0.001228388,0.001513037,0.00109759,0.000562552,0.004949162,0.019845306,0.029992216,0.001445006,0.001471712,0.003283735,0.013756482,0.004984344,0.012942508,0.002017865,0.00866341,0.000881408,0.002200237,0.065276175,0.01189253,0.04658569,0.003965853,0.003002446,0.001609618,0.003919871,0.004700187,0.002088782,0.00534531,0.018344655,0.013318028,0.016690465,0.00788476,0.015530946,1.90E-05,0.05017437,0.000716684,0.01088894,0.003512199,3.76E-05,0.000121485,0.002305369,0.023198066,0.001116217,0.002823107,0.000928942,0.003740582,0.006479429,0.025665347,0.060902647,0.002559763,0.001965287,0.036987726,0.001322338,0.004998202,0.001899008,0.009124878,0.033137416,0.000690902,0.004231593,0.015661855,0.006219814,0.004281396,0.0071795,0.015443198,0.004284604,0.000666966,0.018012627
A[C>T]C,0.001496733,0.000895502,0.01599241,0.004043488,0.018603663,0.008717316,0.016860492,0.035284141,0.013860375,0.002012493,0.003616283,0.007535912,0.001247232,0.001934271,0.006382343,0.002848639,0.176498123,0.003083311,0.011449532,0.002903265,0.005538729,0.002657302,0.00011964,0.004320771,0.017261692,0.01366059,0.004508794,0.000312937,0.003822494,0.085057365,0.008171625,0.013945526,0.003328195,0.005920142,0.006622729,0.003218055,0.09615718,0.010769943,0.114553499,0.002747806,0.005466017,0.005019586,0.00372618,0.003981223,0.002248418,0.003885505,0.022695121,0.009073561,0.024046564,0.004631645,0.047664758,0.000144929,0.016291962,0.000559391,0.011012768,0.001335499,9.92E-05,0.000110576,0.002036267,0.006323852,0.001505152,0.001323764,0.000573518,0.000294605,0.001485187,0.017542186,0.008833879,0.00322585,0.001648109,0.049922989,0.002456279,0.002028129,0.001237423,1.52E-18,0.015510794,0.000493063,0.00056334,0.016046789,0.0060935,0.014033612,0.009811895,0.004525191,0.004370416,0.000559462,0.019638209
A[C>T]G,0.399232345,0.00100604,0.015308443,0.003498222,0.029664678,0.210976609,9.80E-16,0.002322524,0.007726794,0.008033362,0.019130293,0.028126545,0.038471756,0.000704472,0.073111173,0.004710224,0.042033711,0.000792624,0.138745212,0.144567506,0.022426153,0.000283461,0.002255683,0.052356896,0.008763988,0.064548102,0.03931079,0.009317046,0.020424289,0.042343388,0.001732045,0.096858019,0.032255811,0.033850182,0.063799184,0.069313531,0.070742685,0.040683,0.157430937,0.042660439,0.000802941,0.003369994,0.037094979,0.038036841,0.02501924,0.026651591,0.06727702,0.039659142,0.041498741,0.021837144,0.002433734,0.006379883,0.063669065,0.023256465,0.026288757,0.020013424,0.001265201,0.003387821,0.072624443,0.029207031,0.013506005,0.021679292,0.001717479,0.031067071,0.010617415,0.110538206,0.052086035,0.013335944,0.023914925,0.013912416,0.003405203,0.110105312,0.195646879,0.088970784,0.032347082,0.000719306,0.004770343,0.051445338,0.097882263,0.104770717,0.017761678,0.088667116,0.018076401,0.045894413,0.000254969
A[C>T]T,0.001641546,0.001022589,0.011291149,0.002974605,0.016543548,0.005866613,0.005114007,0.007236672,0.009767332,0.034218639,0.01159802,0.006528927,0.003235286,0.002113935,0.005415539,0.00263247,0.094691239,0.002504488,0.013205438,0.000541114,0.006446338,0.000828653,0.000180996,0.005358302,0.032596623,0.009883938,3.47E-05,0.000643476,0.003030603,0.026625146,0.004830277,0.004413456,0.002645086,0.003540555,0.007173504,0.000988616,0.022549735,0.008481005,0.102425331,0.002865533,0.004125424,0.000819215,0.003542647,0.005318681,0.001846243,0.008907107,0.018020281,0.013141333,0.019490587,0.006333303,0.030501243,0.000745503,0.021134397,0.000821601,0.006088018,0.002559621,3.85E-05,0.000109579,0.005664074,0.002591455,0.000912713,0.000948019,0.003914285,0.000709913,0.003107766,0.015152185,0.006911665,0.002766549,0.00026519,0.046620307,0.0054858,0.003275735,0.002694826,1.10E-18,0.024597268,0.000788602,0.000780413,0.013549582,0.005658898,0.011731179,0.003236799,0.01699322,0.002628473,0.00041972,0.012438866
C[C>T]A,0.000298685,0.001775675,0.013094063,0.007747114,0.012714624,0.003264695,0.030034699,0.062487721,0.003084178,0.032271015,0.00215914,0.00634792,3.47E-05,3.51E-05,0.00288368,0.000830456,0.003081581,0.006043981,0.001951575,0.002861467,0.006713929,0.000804534,0.000490415,0.006855679,0.091868693,0.007024061,0.000979184,0.001089726,0.00347282,0.041239189,0.002475307,0.009599663,0.001396426,0.011985009,0.000360795,0.003583085,0.073784018,0.030152198,0.009925361,0.003734011,0.004413134,0.00404596,0.004835597,0.002961819,0.002796152,0.005525109,0.017308243,0.010610819,0.016271422,0.006006623,0.014122523,5.44E-06,0.002170257,0.001256061,0.022160581,0.00077408,2.60E-06,0.000108161,0.002739365,0.002279775,0.001477968,0.006218186,0.002303974,0.005780657,0.000284211,0.012777227,0.00666668,0.002041345,0.001178911,0.013478918,0.001715056,0.002210681,0.001839803,9.57E-19,0.006831581,0.000654583,0.010705888,0.026276617,0.006593285,0.008457859,0.009421783,0.003562051,0.261915211,0.000720214,0.030858718
C[C>T]C,5.63E-05,0.000868568,0.022942687,0.009796669,0.017390006,0.004961463,0.046389829,0.1484317,0.00948831,0.003291398,0.004539835,0.010726089,2.94E-16,2.74E-05,0.007113547,0.002814489,0.133227538,0.000325323,0.001377673,0.004107072,0.003713815,0.002353824,8.83E-05,0.005531663,0.099186546,0.012030125,0.005226665,0.003985159,0.005245251,0.174995106,0.005686361,0.00556866,0.003265593,0.006868022,0.000362361,0.001078352,0.096483092,0.16761388,0.023292832,0.001738196,0.000666901,0.092176255,0.006682933,0.002406107,0.004356126,0.003269295,0.028418203,0.011946292,0.024597593,0.002245786,0.050729444,4.34E-18,0.002428027,4.16E-05,0.014493017,0.005767896,6.00E-05,0.000158441,0.00423401,0.004632674,0.00114877,0.002735981,0.000215774,0.004453931,0.000707237,0.01449039,0.011416083,0.000406258,0.002036289,0.042413348,0.00054043,0.004218311,0.002465745,1.34E-18,0.011676672,0.000457066,0.000110571,0.034845095,0.004223669,0.01552024,0.01425718,0.002421249,0.03783915,0.000457419,0.018654198
C[C>T]G,0.194069107,0.012913808,0.012078511,0.013386932,0.076042558,0.194169215,0.026723458,0.085569711,0.067456613,0.015866587,0.00798864,0.037843458,1.39E-15,0.005699449,0.048146397,0.003590699,0.004618316,0.000248669,0.054979101,0.043564585,0.004289955,0.012344449,0.00386335,0.065266574,0.080359481,0.072490862,0.029911479,0.002567039,0.010290029,0.062420172,0.019370347,0.051629131,0.018297623,0.034250529,0.020889767,0.04776182,0.074712936,0.039788037,0.043610844,0.031714447,0.058210617,0.014043634,0.025315728,0.017787541,0.015303115,0.030439341,0.030267183,0.016658125,0.039107083,0.058209061,0.009613658,0.000460038,0.062472892,0.008561239,0.04293958,0.009028851,1.77E-05,0.002105575,0.005108096,0.096867208,0.007131997,0.03868551,0.128277665,0.000348304,0.05027011,0.036387078,0.043654073,0.005187332,0.020877594,4.96E-18,0.000167403,0.024471521,0.271949188,6.34E-18,0.011192822,0.001410474,0.002474771,0.051511505,0.036398372,0.077294311,0.024248611,0.033573642,0.189434521,0.100409446,0.000977637
C[C>T]T,3.03E-05,0.001228581,0.019366638,0.010104947,0.015674424,0.003429735,0.035200396,0.076183216,0.024272538,0.000129515,0.01213991,0.010076129,0.000100566,0.000143123,0.007808648,0.002406997,0.051031451,0.003209462,0.001006559,0.004279248,0.018710816,0.00176534,0.0001511,0.004034262,0.20621399,0.008026869,0.000244058,0.001491911,0.003973544,0.107083406,0.002043534,0.009452282,0.00141154,0.005098859,0.0042471,0.000328069,0.032084069,0.109867088,0.026024428,0.002274073,3.40E-05,0.038603535,0.004264734,0.005147565,0.002799347,0.004389121,0.020875922,0.009386294,0.026930844,0.006956802,0.02572435,0.00054999,0.003172133,0.001658966,0.005170358,0.00278273,7.08E-05,0.000123657,0.00878908,0.002966835,0.00120262,0.00705519,0.002626029,0.000593535,0.000501611,0.028410453,0.023632992,0.001782082,0.002015529,0.03269477,0.002549365,0.0015237,0.001581902,0.004001761,0.009650736,0.000406625,0.000369926,0.033682339,0.005417597,0.016059961,0.005596441,0.005312872,0.120343095,0.000183954,0.010129239
G[C>T]A,0.00084867,0.003760181,0.017071222,0.003193242,0.016273303,0.028757537,6.53E-05,0.000639071,0.000228687,0.000423475,0.000285661,0.007832863,5.09E-05,0.000107943,0.00354624,0.001351884,0.019090509,0.005258816,0.015645557,0.024992212,0.007790102,0.002056919,8.39E-05,0.007259592,0.060272973,0.035790443,0.008652045,0.002763925,0.003067573,0.045568656,0.017607194,0.008591958,0.002908281,0.012518424,0.005139634,0.006267265,0.0426676,0.006369464,0.01698792,0.005570432,0.000277065,0.007402035,0.00341084,0.002677711,0.002000394,0.006233188,0.02661803,0.011448133,0.014357873,0.006686503,0.032477466,0.00070001,0.074305096,0.000751223,0.012583619,0.001215486,6.30E-05,5.42E-05,0.002209562,0.004038027,0.001029697,0.005004097,0.000194256,0.006633226,1.16E-05,0.005641384,0.007150937,0.002221245,0.001230924,0.08533597,0.001189438,0.003620924,0.000528548,0.00070672,0.006345301,0.000607401,0.004231593,0.01178308,0.00592962,0.004431797,0.012945013,0.004749157,0.00378984,0.000463262,0.081065626
G[C>T]C,2.13E-05,0.000580485,0.016784634,0.004190151,0.02180289,0.041037904,0.010824246,0.023655123,1.67E-05,0.000252697,0.000305136,0.008817889,0.018155406,0.005403184,0.010662663,0.007844189,0.134102067,0.002570796,0.008984034,0.052639681,0.007629073,3.35E-16,0.00025948,0.007373017,0.047203002,0.054294096,0.021895013,0.002577311,0.00260567,0.15725302,0.030966116,0.007185604,0.006935637,0.021322775,0.000357761,0.005772237,0.06301704,0.012849469,0.034281304,0.00643998,3.18E-16,0.02174853,0.003751317,0.002918918,0.003006389,0.00420333,0.027262162,0.008201121,0.020989746,0.011567103,0.176796145,4.51E-18,0.076212459,0.000843407,0.005407965,0.002359536,1.62E-06,4.18E-05,0.001735938,0.003358973,0.00084925,0.007805781,0.013793598,0.001854277,0.00074325,0.00915255,0.003997885,0.00257431,0.001720119,0.128541116,0.000781559,0.003242995,0.000884925,1.47E-18,0.009502224,0.000529276,5.92E-05,0.014936343,0.005989207,0.015997718,0.031009139,0.002958646,0.003473345,0.000180539,0.083169123
G[C>T]G,0.250203243,0.000559738,0.003300162,0.002259624,0.061952646,0.328379963,2.55E-05,0.00078991,0.000299972,0.001093744,0.011870145,0.032073981,0.10798829,0.022497684,0.054350778,0.014390342,0.010357431,0.000525742,0.000105435,0.564024236,0.008419696,0.012124951,0.007051249,0.066646807,0.019044891,0.104397308,0.000241932,1.56E-15,0.018645054,0.062672616,0.089811816,0.054170426,0.042419041,0.049600005,0.002041588,0.066218088,0.027011828,0.01108003,0.046940306,0.036511421,0.119240271,0.015424992,0.031381531,0.027238807,0.02270523,0.025542065,0.049733042,0.013132361,0.03169207,0.114235597,0.026407969,5.30E-05,0.23172757,0.006811252,0.008995122,0.011842773,0.000332445,0.001839336,0.030153263,0.023215944,0.009830073,0.019606075,0.100353865,0.072918742,0.015098925,0.055621892,0.046611371,1.77E-17,0.020027642,0.052999661,0.000937401,0.038231763,0.029868169,0.046678939,0.010450806,0.001380519,0.002678262,0.032761118,0.052491019,0.080589332,0.036477915,0.058127115,0.014943599,0.028975406,0.001073019
G[C>T]T,7.54E-06,0.000710295,0.012082248,0.003055498,0.016026381,0.023479959,0.012714518,0.004138286,0.001134123,0.050172469,0.004901075,0.012333815,0.016737551,0.00974374,0.010465798,0.002704111,0.069280191,0.003219362,0.009868082,0.026890758,0.008272706,8.50E-05,3.15E-16,0.005153609,0.110628705,0.028835745,0.007676217,0.002088883,0.004250825,0.093266196,0.012279015,0.008666668,0.005409803,0.006873084,0.000165691,0.003169299,0.015608589,0.005484251,0.041076361,0.004203163,0.000631487,0.006289114,0.0034188,0.00250242,0.002774378,0.006865092,0.021257325,0.009077514,0.021773224,0.009611011,0.085883063,0.001745972,0.053227737,0.001535575,0.004103397,0.004758545,2.06E-05,9.32E-05,0.015287165,0.005521121,0.000606091,0.001735774,0.000222905,0.00554518,0.001040698,0.00696722,0.005449415,0.002767878,0.000911581,0.177361359,0.005739644,0.005854363,0.000417321,0.004355593,0.008773695,0.000709969,5.78E-05,0.015897251,0.004494642,0.00686998,0.008008522,0.001705886,0.004206277,0.00017706,0.059055979
T[C>T]A,0.00015646,0.209693268,0.004421487,0.002153303,0.012557266,0.002718831,0.134935901,0.003643423,0.018582901,0.000177105,0.003846781,0.003533606,0.000325773,0.000598652,0.001739215,0.001150237,0.006989003,0.004778307,0.002388489,0.006626866,0.005620979,0.000492051,0.000109388,0.006304734,0.031987653,0.005047232,0.002464509,0.001366989,0.005822342,0.009574331,0.00104221,0.007032993,0.002565811,0.012222056,0.005644418,0.002839688,0.062043027,0.005166788,0.01374702,0.011286975,0.001631037,0.00221636,0.007234814,0.003112968,0.004014689,0.002221015,0.02781323,0.023334968,0.014209655,0.00959921,0.003435698,2.51E-05,0.000803283,0.001329553,0.013624853,0.006122206,2.88E-05,4.06E-05,0.013062239,0.001132494,0.000627093,0.002303365,4.81E-18,4.38E-11,0.000180033,0.006588279,0.003336688,0.000108083,2.98E-05,5.00E-05,0.003780949,0.00505917,1.81E-06,9.03E-19,0.006465262,0.002116818,0.010060549,0.011588069,0.006124849,0.005542291,0.005465932,0.005026578,0.036880052,0.000104505,0.001147132
T[C>T]C,6.66E-06,0.049771285,0.0129263,0.005095507,0.01801373,0.003012084,0.23760485,0.1472541,0.018632225,0.006120474,0.000243526,0.007680172,0.00311043,0.013465734,0.008262537,0.003918537,0.142958574,0.002893448,0.000117035,0.003026892,0.004117934,0.000106084,0.000774566,0.007982585,0.023063999,0.007277328,7.00E-05,0.001434256,0.004884238,0.034544607,0.006707808,0.005174325,0.002498193,0.006576728,0.006098186,2.03E-18,0.107410924,0.021514482,0.027160926,0.003081742,0.000320867,0.01194527,0.00587279,0.002451124,0.005697801,0.003826753,0.038280517,0.013234271,0.017466924,0.00672095,0.02951158,4.32E-18,0.001634555,0.001416846,0.011749175,0.039720983,5.41E-05,0.000160056,0.088659642,0.001492921,0.000826386,0.002936708,0.000540036,0.003916111,0.000209709,0.017728438,0.015066992,0.000237994,0.000887927,0.024042594,0.003753643,0.006056695,0.001619547,1.14E-18,0.009114617,0.001251581,4.68E-05,0.014899098,0.007087034,0.014613404,0.00700695,0.002543328,0.00827345,0.000231011,0.003385467
T[C>T]G,0.137327669,0.155269105,0.006723987,0.00143293,0.08711257,0.104349149,0.372094633,0.280223612,0.000441401,0.013261191,0.000281907,0.023894193,0.021994979,0.848745752,0.055064347,0.040644053,1.86E-06,0.000678432,0.031791886,0.046955102,0.023639942,0.001449958,0.000559814,0.057800098,0.027879576,0.014624075,0.001922081,0.000291385,0.011131553,0.015906825,0.010346201,0.079126322,0.018166404,0.026544346,0.017972465,0.056678319,0.082426886,0.051451697,0.048359047,0.026182164,0.002330006,0.005073351,0.023295808,0.02352488,0.019129618,0.024639999,0.041240938,0.016779044,0.040566563,0.035751921,0.00229802,1.83E-17,3.90E-17,0.008586517,0.024134953,0.014529669,0.000479769,0.001796817,0.023675056,0.038292716,0.008274532,0.036315579,6.80E-13,0.032060195,0.001227801,0.032975404,0.023008564,2.70E-17,0.011216706,4.33E-05,0.001383426,0.071420208,0.109261967,0.073854547,0.014758839,0.002599204,0.005004724,0.021599483,0.061315774,0.026327474,0.01469352,0.02608956,0.062133239,0.045911353,0.000184999
T[C>T]T,2.78E-17,0.103055399,0.005551696,0.003679836,0.011499425,0.001401961,0.053702204,0.049769828,0.002206039,0.037869336,0.003560699,0.003999822,0.017965003,0.024847305,0.008200346,0.006201952,0.07528026,0.004689691,0.000214424,0.000385185,0.017290394,0.000284928,0.000802464,0.001835908,0.040571987,2.77E-05,4.43E-05,1.69E-16,0.003417394,0.014569027,0.001810601,0.006954993,0.001470504,0.006848432,0.002054398,0.001683726,0.029422799,0.011923711,0.032876792,0.006144498,0.00062722,0.005329206,0.004985932,0.00400331,0.003625566,0.002143472,0.01958235,0.008640088,0.016476914,0.008352283,0.00952802,0.000498729,0.001533928,0.001446685,0.002868604,0.060558572,6.97E-07,6.00E-05,0.048755876,0.025004056,0.000623098,0.002743597,0.000134808,0.02091818,6.54E-05,0.026653137,0.123244963,0.001242041,0.002533783,0.010519448,0.033833299,0.006770193,0.002007481,8.00E-19,0.005730878,0.002461118,3.41E-05,0.014743027,0.006617156,0.006688776,0.002071623,0.006917498,0.018243196,0.000119212,2.49E-05
A[T>A]A,0.000107468,3.53E-05,0.004016322,0.00516886,0.004350766,2.12E-05,0.001048245,0.001308031,0.012694028,7.25E-05,0.014184429,0.010016229,4.30E-05,0.000380359,0.00277245,0.001566928,0.000284003,0.004265165,0.000394176,0.000486186,0.019457058,0.000890288,6.04E-05,0.001312416,0.000545822,0.000304587,0.002257431,0.051877554,0.065466626,4.94E-18,0.0006539,0.012318497,0.00112975,0.088599811,0.000191167,0.000262163,0.00021902,0.005174304,0.000376666,0.00063517,0.086079226,0.003489537,0.00157233,0.00166051,0.001180472,0.002896841,0.006281032,0.006818538,0.006235887,0.005833091,0.009035037,0.009826587,0.002613837,0.000277182,0.001895109,0.111213822,8.48E-05,2.67E-05,0.003439466,0.071742355,0.000719611,0.002256492,0.000587913,0.003055318,4.33E-06,0.002530066,0.018160793,0.001279594,0.002769718,0.001050721,0.105416179,0.001037153,0.001953787,0.041225037,0.007493321,0.058659819,5.66E-05,0.006503181,0.007097697,0.005862909,0.001685665,0.007428089,0.002775608,0.000465349,0.006383782
A[T>A]C,0.000461825,0.000535224,0.008131539,0.002986069,0.006298309,0.000181754,0.000558106,0.000378196,0.005397407,0.001357611,0.023885712,0.003428712,0.000253704,0.000108576,0.014504491,0.004042969,0.000463027,0.00344664,0.000368769,0.000308994,0.010050496,0.001354832,0.000430065,0.000713424,0.000272992,0.004769125,0.005682874,0.008839617,0.009112429,5.11E-18,0.00143555,0.008275813,0.004033323,0.00139454,0.000819018,0.001305844,0.000365553,0.006160266,0.00072239,0.001286046,0.057203871,0.008096889,0.001420598,0.001888636,0.00177413,0.002422166,0.005323221,0.008004775,0.00507009,0.005183341,0.004199562,0.003742694,0.002191822,0.000404522,0.00194771,0.008895575,5.27E-05,2.48E-05,0.003897658,0.001321333,0.000739585,0.001529677,0.003024317,0.000683308,0.005673776,0.007646282,0.001668411,0.002465831,0.000239845,0.000412086,0.018961424,0.003288253,0.000211369,0.031394108,0.003077185,0.00052194,6.86E-05,0.003571583,0.006082669,0.004816541,0.002454258,0.029907564,0.001096214,0.000562143,1.84E-05
A[T>A]G,0.000171773,0.000254101,0.007910273,0.007631744,0.006030627,5.37E-17,0.00035576,0.000919182,0.000242281,0.003383999,0.018602459,0.002441563,2.12E-16,5.49E-06,0.00095154,0.000609657,3.01E-05,0.002887076,0.000255324,0.000144353,0.008323373,0.000197741,7.11E-05,0.001537106,0.000741521,0.000202578,0.000181488,0.055200776,0.029604837,0.000236804,0.000928416,0.004226398,0.000521047,0.000854791,0.00018949,0.001178121,0.000431774,0.003714118,0.000421896,0.000571265,0.032433624,0.001064557,0.001828659,0.002061183,0.000718596,0.004246663,0.006563849,0.007260354,0.006729262,0.002657424,0.003817458,0.001030162,6.62E-07,0.00126137,0.00039364,0.006734328,6.70E-05,5.60E-05,0.000412419,0.026206152,0.000542663,0.001233271,0.002917789,0.006516136,0.000493638,0.005018157,0.003899418,0.001571609,0.000275452,5.34E-05,0.022311433,0.0012555,0.000851026,0.00055711,0.007787691,0.00037975,4.73E-05,0.005077995,0.004065189,0.002517364,0.003849237,0.019852307,0.002552335,0.000924036,8.24E-07
A[T>A]T,2.03E-05,0.000184132,0.00369007,0.001907055,0.003017438,0.000295908,0.001654901,0.003595095,0.042847253,0.027666188,0.015012552,0.012305509,0.004663978,0.000491704,0.040865083,0.015058063,1.91E-06,0.001920577,0.000982063,0.001876974,0.007648833,0.001062426,0.000504424,0.003411344,0.000374924,0.012597004,0.000861778,0.001683735,0.012531512,7.93E-05,0.000614985,0.007427644,0.001883713,0.001299175,0.001559805,0.000685288,0.000244068,0.002260789,0.000368084,0.00306278,0.21801454,0.004341739,0.001633163,0.001687625,0.001332014,0.002756251,0.005794027,0.007581421,0.012990553,0.044926901,0.003841547,0.002269302,0.013903964,0.000263692,0.001158878,0.044974219,7.16E-05,6.05E-05,0.001276676,0.015461672,0.000399401,0.001464322,0.000152813,0.002320973,0.0205385,0.004018136,0.005366679,0.001478895,0.000419289,0.005914447,0.054683763,0.003363488,0.000685482,0.03034254,0.00238953,0.018519728,8.12E-05,0.004893813,0.007470257,0.007316654,0.001482742,0.012746732,0.002286227,7.60E-05,2.37E-06
C[T>A]A,9.21E-06,0.000265167,0.009258094,0.012593639,0.00332627,2.29E-05,0.000152433,0.000937738,0.00566177,0.002092383,0.022028035,0.00602117,3.01E-16,2.36E-05,0.000739954,0.001595183,0.000199733,0.000717932,0.000158857,0.00013219,0.004309383,0.000609739,0.000144014,0.000455319,0.000106306,0.000136804,6.44E-06,0.16615805,0.141615424,0.000439151,0.000870709,0.025312103,0.001118294,0.326865932,0.000248003,0.001316315,0.000205796,0.021614317,0.00027365,0.00087007,0.031568532,0.059825956,0.001294105,0.001846731,0.000848086,0.004295384,0.002459267,0.004164328,0.005469563,0.004511422,0.013642493,0.001392179,1.08E-05,0.000586519,0.004698558,0.017982605,1.76E-05,2.44E-05,0.000197391,0.006182773,0.00079055,0.002253148,7.30E-18,8.45E-05,0.001627141,0.007856041,0.002929984,7.17E-05,7.38E-05,0.000146369,0.014864697,0.001894884,0.002627937,1.37E-18,0.032722511,0.155526828,0.000133,0.007250892,0.011551077,0.010594464,0.002810217,0.010113293,0.00252675,0.000644845,0.016105419
C[T>A]C,6.41E-05,0.000261961,0.015815503,0.008130373,0.003716067,0.000144501,0.00017128,0.000611211,0.016660552,8.05E-05,0.025796865,0.002998138,2.30E-16,2.69E-05,0.002338251,0.000614685,0.00017536,0.005611,0.002303877,7.06E-05,0.005831052,0.043358145,0.00262609,0.001958847,0.000339891,0.00469107,0.000545172,0.054668494,0.02005482,3.24E-18,0.000939946,0.011587546,0.001308922,0.002114511,0.001822321,0.000725281,0.000569384,0.016870139,0.000417049,0.000881636,0.000415137,0.028600905,0.001142651,0.001039737,0.001455327,0.004267001,0.005060902,0.008221379,0.0110523,0.003029406,0.001419102,9.44E-06,0.002158444,0.000666875,0.002813139,0.000558885,1.59E-05,1.29E-05,0.000416953,0.001148922,0.000114063,0.002093813,0.00054673,9.58E-07,0.001014844,0.006173767,0.02007615,0.001274361,0.000435527,8.17E-19,0.001300257,0.000346317,0.001177435,0.003619437,0.013995305,0.000411194,4.53E-05,0.003083309,0.007050692,0.005945619,0.004328219,0.030252853,0.003002141,0.000549013,0.000120011
C[T>A]G,4.39E-05,0.000139288,0.009744968,0.017996064,0.002980557,2.51E-05,6.11E-05,0.00046809,0.000992777,0.00098742,0.020259869,0.004226154,1.91E-16,4.68E-17,0.000626491,0.000833671,0.000209622,0.001173856,0.000205703,1.97E-05,0.000875493,0.011030136,0.000698432,0.00170737,0.000206028,7.40E-05,8.23E-05,0.138080938,0.045828309,7.94E-05,0.002100742,0.038329092,0.000855055,0.002751058,0.000904002,0.000846244,0.000357409,0.012422852,0.000751686,0.000353717,0.000986728,0.041911412,0.001391612,0.001191597,0.001065548,0.003743599,0.003629118,0.004055042,0.007952693,0.002461869,0.010214447,0.000191846,0.000321162,0.001816809,0.003045715,4.73E-05,4.02E-05,4.85E-05,0.000334138,0.004177294,0.000504639,0.001275801,0.001191535,0.011580229,0.001376515,0.001004148,0.00064181,8.97E-05,2.68E-07,8.50E-05,0.000169835,0.001485913,0.000551284,8.69E-19,0.024212551,0.000356512,6.54E-05,0.006675148,0.005161507,0.004347988,0.006303532,0.016071261,0.00269913,0.001003572,0.002579333
C[T>A]T,3.59E-05,0.000198067,0.00955985,0.006662191,0.002608369,3.98E-05,0.000206265,6.05E-05,0.051297704,0.000964849,0.031285617,0.003603087,0.000328189,5.03E-05,0.002379458,0.001785981,0.000113526,0.001273292,0.000913063,0.000257486,0.005659389,0.065575007,0.007737192,0.001225665,0.000155767,6.26E-05,1.49E-16,0.050863604,0.021953694,0.000230118,0.002044028,0.022740492,0.000490982,0.003461687,0.001177911,0.000862852,0.000379944,0.020998211,0.000360389,0.000843296,0.000230455,0.0487549,0.001299575,0.001564291,0.001440475,0.004642232,0.00613117,0.007546507,0.008647106,0.007248964,0.005291336,0.000134152,7.76E-06,0.000727949,0.002599945,6.30E-05,4.78E-05,2.26E-05,0.000137995,0.002364814,0.000358088,0.003394008,4.21E-05,0.003859577,5.38E-06,0.008492449,0.000991524,0.002442346,9.48E-05,6.92E-19,0.010231248,0.001925668,0.002070236,8.86E-19,0.013355081,0.098889516,0.000124576,0.004284211,0.017244119,0.008277017,0.003817318,0.018872886,0.002691107,0.000401161,0.01447889
G[T>A]A,1.98E-05,4.47E-06,0.009358983,0.009167323,0.003920516,1.99E-05,0.00039262,0.000500693,0.003209161,3.50E-05,0.016871551,0.003787165,5.09E-06,8.41E-17,0.002377287,0.002306045,1.90E-06,0.00123479,6.72E-05,0.000220679,0.001434698,0.00010317,0.000170202,0.001528129,0.000237825,6.00E-05,0.001383222,0.078792873,0.057657398,6.76E-18,0.001177394,0.039609916,0.001054554,0.123497228,0.00023362,0.002632341,0.000359701,0.002266474,0.008414414,0.001074047,0.028772825,0.000927141,0.001027554,0.001537887,0.000959891,0.0049032,0.00356514,0.007339958,0.004551835,0.003301289,0.014771591,0.007192295,0.001149414,0.000287008,0.007758326,0.023365088,3.03E-05,1.89E-05,0.000851148,0.023469029,0.000386033,0.003089202,0.002596445,0.003158063,0.000652906,0.004654468,0.002780397,0.000295631,0.000137797,0.001338859,0.029439006,0.001280779,0.003363128,1.56E-18,0.006850793,0.067510651,0.000130459,0.006579892,0.007136834,0.005722885,0.005077286,0.003001592,0.003520839,0.000622456,0.012477744
G[T>A]C,3.76E-05,0.000208463,0.011874364,0.004286461,0.003722674,0.000229125,0.00026264,0.000291818,0.00504262,0.000198172,0.021309027,0.003628181,4.10E-16,5.58E-05,0.01031014,0.005987822,0.000554205,0.003240235,0.003809303,0.000304607,0.001111274,0.006503397,0.000726836,0.00223028,0.000117293,0.003311179,0.00461539,0.01796311,0.008436223,0.000181179,0.002110449,0.007665421,0.001854767,3.16E-05,0.00028459,0.00072512,0.000238288,0.004156952,0.009423053,0.000574819,0.004388631,0.008609669,0.00088234,0.001239517,0.001441694,0.004167018,0.005061828,0.008176885,0.005231328,0.00388551,0.002712368,0.001853598,0.002800369,0.000730933,0.001523081,0.000398719,3.46E-05,4.09E-05,0.001462069,0.005304086,0.000352006,0.002244579,0.011996861,0.000287919,0.004411989,0.000999275,0.001006921,0.002748906,0.000166529,9.57E-05,0.002055432,0.000434234,0.001456039,0.009700141,0.003559781,0.000351363,0.000181635,0.002697013,0.006467783,0.001802476,0.004331176,0.010637987,0.002368906,0.000988557,3.16E-05
G[T>A]G,4.51E-05,5.56E-05,0.01157834,0.009807251,0.003305851,5.74E-05,0.000213792,0.000470169,3.10E-16,0.001501884,0.015482247,0.000847928,8.45E-05,6.33E-17,0.001816284,0.000605871,0.000110577,0.002825213,0.00010528,6.08E-05,0.006378085,0.000835845,0.000317397,0.001315999,0.000460465,0.001732214,0.000660502,0.041866934,0.004461122,3.81E-18,0.001406002,0.031471907,0.000616559,0.001327176,0.00010874,0.002114917,8.12E-05,0.005182477,0.009442144,0.000825674,0.007445716,0.001090459,0.00102866,0.001087464,0.00097931,0.004964643,0.003867038,0.006677172,0.005053743,0.001525556,0.007201641,0.003943265,0.001648827,0.000741949,0.002298338,1.44E-05,2.51E-05,3.11E-05,0.000174225,0.003716093,0.000715561,0.002069883,0.00221509,0.01223176,0.000510331,0.002588959,0.02063151,0.000440824,0.000342672,0.000309574,0.004526189,0.002344957,0.001834369,0.003388325,0.00810739,0.000200837,4.27E-05,0.005282227,0.004127435,0.001691797,0.004218425,0.007847964,0.001656007,0.001142498,0.000828214
G[T>A]T,4.89E-05,0.000218706,0.012706444,0.004277063,0.002680575,7.56E-05,0.000233478,4.15E-05,0.029345163,0.010086421,0.028863321,0.00285104,0.00051029,3.19E-05,0.012479949,0.007989307,0.000157723,0.001065931,0.000778169,0.000282693,0.00114896,0.005974654,0.002153648,0.002575201,0.000277509,0.003619272,0.000863258,0.010874286,0.005161092,4.86E-18,0.000765576,0.017224303,0.000875322,8.75E-19,0.000508501,0.000639922,0.000162732,0.000733447,0.004595266,0.001818636,0.008827251,0.002881959,0.001019142,0.001750778,0.001541285,0.003150766,0.004380888,0.006938881,0.005698941,0.004990696,0.003117629,0.001188078,0.002455503,0.000380223,0.001189363,3.73E-06,4.19E-05,3.83E-05,0.000712216,0.000130892,0.000465595,0.001682448,0.001606533,0.005185366,0.006505348,0.008637615,0.00289942,0.001364211,0.000627548,0.000128925,0.015514681,0.0020928,0.001938922,0.018235556,0.003560293,0.022449096,0.000270374,0.003754413,0.005001544,0.005707876,0.002211481,0.005014946,0.004671958,0.001079983,0.001232747
T[T>A]A,0.000889773,0.000260484,0.004694139,0.004802591,0.003666549,9.66E-05,0.000189596,0.001677576,0.015538792,0.013421638,0.008245061,0.020211226,0.001705665,0.000630321,0.006772129,0.007240242,0.000124859,0.003049267,0.000126759,0.000256046,0.010211489,0.000103389,0.001132193,0.005610671,0.000338123,0.007050016,0.000165269,0.056942355,0.091632479,4.56E-18,0.001680623,0.012974865,0.000827821,0.032244041,0.000205949,0.000318928,0.000167705,0.004347334,0.000266598,0.002957148,0.224051992,0.003024449,0.001562456,0.001782148,0.001426629,0.003597287,0.005885628,0.010110867,0.006148053,0.062117476,0.005691359,4.83E-05,0.003751273,0.000211796,0.003113162,0.123914766,2.97E-06,8.57E-05,0.001068887,0.012578013,0.000420759,0.001170574,0.00093952,0.002551953,0.007965318,0.002296062,0.008694297,0.001317975,0.000777038,0.004355019,0.055899469,0.002170058,0.001611026,0.018113546,0.004546859,0.336433011,0.000594586,0.005204544,0.013881885,0.005661026,0.002428337,0.007764833,0.00286482,0.000335881,0.008488186
T[T>A]C,3.13E-17,0.00016306,0.008025864,0.00247097,0.002550093,2.57E-05,0.000219613,0.001229456,0.036580546,0.001047904,0.01482034,0.001524469,0.000319076,0.000145208,0.001783175,0.000654678,0.000143742,0.005559701,0.001162312,3.91E-05,0.004109873,0.005249646,0.000244071,0.001503423,0.000344642,0.000198045,0.000541941,0.020474232,0.010548358,3.28E-18,0.001413997,0.002151436,0.000978489,3.05E-05,0.001451579,0.000854051,0.000151929,0.002579331,0.00135232,0.000165912,1.94E-16,0.003951675,0.000686753,0.000871332,0.000575171,0.002103308,0.005984502,0.014120823,0.007366227,0.011682676,0.001604106,0.000629449,1.18E-05,0.000144528,0.003153445,1.04E-05,1.02E-06,1.23E-05,0.000445185,0.001711446,0.000199225,0.001425,0.000115015,5.21E-05,0.000721565,0.007438853,0.000695491,0.001243373,1.62E-16,0.000607473,0.007675276,0.00100424,0.000767824,8.99E-19,0.002151509,0.000876665,6.16E-05,0.001920706,0.007385476,0.002435145,0.001821663,0.014470042,0.001790196,0.000953984,3.62E-05
T[T>A]G,4.09E-06,9.53E-05,0.005337368,0.005691683,0.003070389,6.92E-06,1.31E-16,0.000970993,0.013579571,0.004964857,0.010202708,0.014320741,0.000639185,1.60E-05,0.000424274,0.003384161,0.000148844,0.002484698,0.000249602,3.86E-05,0.004743986,0.001753914,2.34E-16,0.001025826,0.000281635,0.000114065,6.99E-05,0.065340959,0.041338503,0.000119963,0.00089548,0.006696937,0.000224664,6.74E-19,0.000387916,0.000425501,0.000124646,0.002340592,0.001010947,0.000525126,0.007060422,0.001070746,0.000610969,0.001027111,0.00051857,0.003238704,0.00384242,0.008361584,0.005473963,0.007898128,0.003936896,3.59E-05,2.98E-06,0.000375432,0.000381583,0.000396065,1.16E-06,1.69E-05,5.26E-05,0.002781959,0.000343916,0.00066648,0.000219988,0.007392709,0.005932518,0.003690278,0.000668147,0.000315129,3.21E-05,0.000573316,0.006899543,0.000849875,0.00104452,0.003780328,0.007119054,0.000624202,0.000212129,0.004739745,0.007645503,0.002594017,0.002431227,0.005639585,0.002064648,0.001058781,0.013848096
T[T>A]T,0.000161765,5.26E-05,0.005089921,0.001650409,0.002760762,4.92E-05,0.000230768,6.24E-17,0.152859858,0.011913638,0.014754617,0.007175645,0.002401664,0.000170011,0.001783218,0.00306987,0.000245673,0.002318015,0.000626345,6.06E-05,0.003227674,0.000934083,0.000676764,0.002002821,0.000250124,0.002140544,2.67E-05,0.013176558,0.015703145,2.33E-18,0.000485076,0.004686052,0.000521101,0.000639979,0.00340245,0.000272003,0.000226364,0.003128628,0.000201024,0.001065248,0.020574554,0.002066178,0.00093117,0.000770203,0.000793696,0.003124103,0.006122629,0.017112568,0.006672951,0.022388512,0.001279771,3.01E-18,0.004067962,0.000392763,0.001277206,0.001876206,2.93E-05,3.67E-05,0.001013117,0.00216785,0.000291569,0.001041583,2.45E-18,0.000806079,0.0003416,0.011930737,0.00579206,0.001023823,0.000197894,0.002541121,0.031673543,0.000710574,0.000555818,0.034291315,0.002211494,0.083240459,7.16E-05,0.002088611,0.011303354,0.005164483,0.001305155,0.013616502,0.001707441,0.000490463,0.002471374
A[T>C]A,0.000146426,0.000725707,0.012070914,0.004362254,0.027236505,0.000477204,0.000264763,0.00053582,0.000294829,0.00355514,0.007106763,0.016010193,0.000631977,0.00195404,0.012567253,0.004291655,0.000776411,0.060718804,0.008102162,0.000927091,0.203835849,8.51E-05,9.39E-05,0.001064691,0.001798573,0.006377843,0.010895689,0.020296383,0.04591973,0.000528398,0.00264871,0.012499652,0.063028194,0.003128874,0.000610179,0.000830111,0.000368654,0.013429491,0.000494474,0.00914704,0.003861029,0.001455758,0.003383088,0.054095723,0.001655034,0.006110097,0.010600697,0.013437571,0.016511636,0.011259587,0.007880182,5.70E-06,0.010553778,0.000723311,0.012985006,0.002280689,0.000141262,0.000126895,0.001687648,0.00164436,0.001524601,0.004329093,0.017957183,0.003119867,0.010723671,0.020518216,0.059671176,0.006365978,0.000899984,6.73E-19,0.027864099,0.00202682,0.001819153,0.095860628,0.010269124,0.005461177,7.89E-05,0.057585806,0.02347675,0.00759486,0.001011223,0.021445676,0.005410604,0.004424378,0.028491365
A[T>C]C,0.000629573,9.28E-05,0.008751837,0.000604827,0.012178549,0.000376159,0.000189089,0.000369288,0.000841175,0.004940196,0.005618189,0.012766481,0.004734072,0.000164314,0.009653335,0.004095402,0.000984852,0.051254473,0.006245284,0.000720129,0.016750826,0.017258137,0.000375005,0.001698243,0.000635911,0.004181025,0.010058184,0.00113364,0.001623429,0.000163654,0.001390888,0.00884367,0.029906174,0.001767054,0.000755622,0.001495192,0.000426014,0.007510044,0.000570909,0.004230416,0.001584702,0.000903199,0.001678889,0.04368894,0.001499781,0.004743409,0.003018959,0.005607434,0.011282824,0.006979428,0.003675926,0.030991096,0.002731348,0.000340222,0.051722519,0.007044401,3.74E-05,2.60E-05,0.009180271,0.018890168,0.001178323,0.002185252,0.007347479,3.71E-06,0.00814696,0.01148726,0.005633743,0.002574328,0.000297925,0.000335023,0.029653237,0.001786433,0.000949218,0.060491086,0.003464101,0.000272317,6.03E-05,0.004615948,0.003458809,0.004425992,0.003403033,0.041101236,0.003145831,0.002584788,1.38E-05
A[T>C]G,1.60E-05,0.000182144,0.010092983,0.003077316,0.025259865,0.001026917,0.000113334,0.000883829,0.001228626,0.008405123,0.005694963,0.012650125,0.002036184,0.000124473,0.013106325,0.007897878,0.000244453,0.065236817,0.008943558,6.42E-05,0.060370435,0.000371753,2.41E-16,0.001229685,0.001799279,0.012435443,0.002839411,0.007059505,0.011136899,0.0003144,0.000817006,0.013478418,0.065443561,0.003954279,0.000504891,0.001306385,0.000187463,0.005995752,0.00064588,0.060245536,1.83E-05,0.000736385,0.002775514,0.013906777,0.001443845,0.005898823,0.005734218,0.012246464,0.021795903,0.007051383,0.006522443,0.00042215,0.016683141,0.001225838,0.025901481,0.001889227,4.11E-05,4.64E-05,0.000813323,0.002812889,0.00119477,0.003545118,0.139336527,0.003233934,0.009189567,0.008911554,0.005612169,0.002526056,2.75E-06,8.67E-06,0.005360239,0.002217352,0.000215496,0.006128213,0.010721476,0.000115576,0.000180136,0.029049673,0.004810852,0.001767485,0.001978025,0.030912065,0.0045005,0.003652548,1.90E-05
A[T>C]T,0.000636561,0.00033849,0.010448154,0.000706652,0.01863998,8.95E-05,0.00027433,0.000932383,0.002239551,0.034330307,0.008947481,0.018881469,0.002352998,2.59E-05,0.00727554,0.003859952,0.000669069,0.043451355,0.003169144,0.000182779,0.09456738,0.005668702,0.000433502,0.001844911,0.000997505,5.07E-05,0.01378845,0.000506462,0.003838058,0.0001285,0.000833646,0.007228245,0.022825442,0.00132475,0.000545932,0.000402083,0.000271463,0.004603096,0.000266032,0.005563748,0.001614412,0.001195893,0.002723712,0.029244045,0.001709091,0.006125003,0.009568781,0.012349215,0.012262482,0.011425375,0.001514186,0.004665854,0.000120531,0.000636348,0.017730832,0.000864889,0.000117677,8.24E-05,0.002606325,0.000980113,0.001651305,0.002270807,0.003975158,0.008111565,0.008781979,0.011398514,0.004993398,0.005704309,2.09E-05,0.005208972,0.046083592,0.002070762,0.000908653,0.120550092,0.006344931,0.002260281,5.11E-05,0.015759862,0.006007475,0.010548356,0.001269265,0.017909048,0.003455438,0.002929943,0.001377167
C[T>C]A,4.77E-17,0.000204983,0.01029584,0.004530212,0.012497006,0.0005713,0.000388403,0.001281017,0.012351467,0.013256088,0.002770894,0.017221303,0.000164948,0.000439684,0.013159051,0.003409432,0.000356045,0.059696126,0.003238638,0.000284891,0.014364612,0.01559469,0.000995415,0.000324268,0.000500278,0.011115291,0.011958618,0.00874926,0.011194941,6.52E-18,0.001497357,0.00869081,0.061600929,0.004838801,0.002338315,0.000796539,0.00122131,0.008551295,0.000499306,0.017611341,0.000791211,0.001512709,0.001540601,0.058813072,0.001843665,0.00638221,0.006106231,0.016577331,0.027005292,0.012836367,0.003832891,0.002784358,0.012724725,0.000934055,0.024947108,0.002453341,2.97E-05,3.99E-05,0.000858091,0.004229786,0.001548702,0.006167153,0.011173908,0.00477824,0.004607955,0.014753128,0.004631266,0.002243415,0.000977415,0.00243287,0.010790727,0.001148739,0.001611587,1.37E-18,0.005070879,0.00727309,6.48E-05,0.031659556,0.032110831,0.005588904,0.003196778,0.001899882,0.003236158,0.003093392,0.01187256
C[T>C]C,0.000407885,6.73E-05,0.012883415,0.001572761,0.007446455,0.000270119,0.000169968,0.000535926,0.004451103,8.81E-05,0.00618418,0.014655438,4.24E-05,3.15E-05,0.008194514,0.002264729,0.00058977,0.049797622,0.004170407,0.000622326,0.003242883,0.185208868,0.007573455,0.001574759,6.87E-05,0.003496584,0.002234571,0.001329506,0.001216253,3.24E-18,0.001125925,0.007920601,0.028164395,0.004304271,0.003536652,0.000946466,0.001011261,0.007923369,0.000594776,0.026751238,4.10E-05,0.001750722,0.001471359,0.019539897,0.001671465,0.005240991,0.003757732,0.005282159,0.012849398,0.0049857,0.002582436,0.081904428,0.002125237,0.00184032,0.071095697,0.006146759,7.02E-05,4.48E-05,0.013794512,0.054824364,0.000646849,0.001893737,0.012697292,0.004337935,0.002750706,0.004271984,0.008552619,0.004452496,0.002364048,2.65E-06,0.007106741,0.002012427,0.000439719,0.001809718,0.003331671,0.000250292,4.67E-05,0.003145172,0.006917198,0.010098619,0.005604556,0.043874704,0.003952417,0.000781948,1.54E-05
C[T>C]G,4.88E-05,1.65E-16,0.007456377,0.003045488,0.012374369,0.00115924,5.67E-05,0.000386983,0.002241753,0.000769364,0.000924907,0.012256644,0.000898845,5.34E-06,0.010180296,0.002755164,9.00E-05,0.031136321,0.002900602,0.000334301,0.008168436,0.077655711,0.003818485,0.000861663,0.000348986,0.015699321,0.009480932,0.001668478,0.002363076,0.000234114,0.001762452,0.008165498,0.059028813,0.003538861,0.002792762,0.001671118,0.00077327,0.002962883,0.000980924,0.029537984,0.000683963,0.001123399,0.001203029,0.007410241,0.001520501,0.004277612,0.003257198,0.006448079,0.017873237,0.004395066,0.002440499,0.005995195,0.018651668,0.00083115,0.035698608,0.00252111,4.16E-06,2.26E-05,0.001567083,0.00187722,0.000504639,0.003282286,0.119774116,0.000686852,0.000416418,0.006460801,0.004435818,0.001058854,0.000408341,0.002462449,0.000798808,0.000315972,0.000166563,8.69E-19,0.005317001,0.000193111,3.99E-05,0.009201957,0.001635697,0.003959834,0.008481848,0.004918661,0.001879597,0.002532325,3.79E-05
C[T>C]T,5.89E-06,0.000112862,0.011893358,0.001445357,0.009038303,0.000282167,0.001011867,0.003097165,0.045398994,0.033308261,0.00483505,0.026698548,2.13E-06,0.000175255,0.013659366,0.00401968,5.92E-05,0.03896272,0.001362978,0.000429143,0.013433467,0.386375556,0.018175946,0.001388364,0.000279381,0.004231851,0.014567638,0.000452121,0.001949957,2.89E-05,0.001545796,0.005567071,0.042444672,0.002486295,0.000419703,0.000775696,0.002545378,0.00934759,0.000592495,0.002311533,0.001367255,0.002334949,0.001432184,0.038271957,0.002606283,0.004821859,0.004374158,0.008921333,0.016541185,0.006331781,0.00226472,0.006245026,0.004338067,0.000327034,0.069187421,0.00451926,8.94E-06,2.08E-05,0.000911164,0.00433767,0.000978886,0.00213653,0.017021539,0.000504771,0.000181841,0.01928659,0.021508445,0.008031433,0.001507494,0.000635655,0.016400341,0.001035348,0.001799106,8.86E-19,0.002888064,0.006255379,4.42E-05,0.00908196,0.010420301,0.009231802,0.003426066,0.001798874,0.00261633,0.000919712,0.009167311
G[T>C]A,0.000255592,0.000191412,0.013229838,0.002883431,0.015062474,0.00100557,9.89E-05,0.000253203,4.12E-16,0.001182028,0.003427034,0.01360521,0.003381703,0.005566818,0.015920146,0.003626238,0.000998396,0.106287638,0.01281713,0.005570961,0.003144128,0.000196464,0.00010408,0.000676197,0.001200451,0.002981035,0.263639735,0.001057908,0.008367944,0.000235588,0.00277475,0.01914844,0.11245875,0.005366516,0.000988858,0.000828842,0.001022249,0.005403751,0.008749459,0.016177007,0.000165065,0.000730593,0.002732358,0.041054909,0.00182734,0.007384455,0.005491944,0.016549313,0.007173985,0.008586187,0.007164223,8.73E-18,0.026753597,0.000625677,0.028108035,0.000608952,3.65E-05,2.47E-05,0.001604623,0.001357522,0.001782822,0.003894477,0.012703634,0.003391994,0.001134812,0.005395268,0.002928148,0.00082313,0.00096205,1.22E-18,0.036869909,0.00452453,0.001076579,1.56E-18,0.005953957,0.00568268,8.17E-05,0.034174195,0.01408069,0.004183706,0.00276715,0.002453155,0.003507127,0.001760348,0.015691924
G[T>C]C,0.000553856,0.000167244,0.008953398,0.001405007,0.010157398,0.0005201,8.68E-05,2.53E-16,0.000939661,0.004104979,0.004135529,0.016737553,0.011559985,0.002417139,0.009083452,0.004889135,0.001270977,0.054421632,0.009125585,0.00599906,0.002175028,0.028500188,0.003141945,0.002584838,0.000559056,0.002923151,0.093865144,0.002183751,0.002090841,0.000540949,0.003277932,0.00530683,0.039998461,0.00263515,0.001415712,0.003299341,0.000726647,0.009385283,0.008792557,0.012607925,0.001171511,0.003143457,0.001957647,0.029146266,0.00278041,0.008156464,0.00396651,0.005502986,0.006186801,0.006345768,0.004879316,0.030521646,0.001376453,0.000653028,0.087729472,0.001906157,3.59E-05,6.78E-05,0.007491367,0.003127344,0.001808554,0.005553255,0.00591169,0.00493354,5.08E-05,0.003833064,0.001254631,0.004414909,0.000961327,0.001263732,0.023734365,0.008356294,0.001668426,0.00646676,0.002322461,0.000191701,7.73E-05,0.003762951,0.004157446,0.001376408,0.005977284,0.019683345,0.003235311,0.000296974,7.48E-05
G[T>C]G,0.000214442,0.000151659,0.010879647,0.001774289,0.012065152,0.000721788,5.34E-05,0.000379146,0.000324039,0.002859141,0.002788789,0.006789878,2.58E-16,0.00039349,0.011978146,0.003967546,0.000521293,0.046711693,0.009650618,0.001934736,0.004918595,0.004293477,0.001330174,0.002862118,0.000902928,0.003301781,0.104149267,0.000648659,0.001725789,3.81E-18,0.00150764,0.011039883,0.072202316,0.001039762,0.001108496,0.00172776,0.000412427,0.004607644,0.006933849,0.206667902,0.000501702,0.000185962,0.001617722,0.009897935,0.001513478,0.004272422,0.002885887,0.006339811,0.007120024,0.003744547,0.002975195,0.001051537,0.012907107,0.000653347,0.033804714,0.003408581,8.18E-06,1.84E-05,0.003248122,0.003949973,0.000506994,0.001338106,0.101524966,0.005881031,0.001931299,0.004967433,0.011225969,0.000860699,0.000475934,0.000181596,0.00830965,0.002053015,0.001067072,0.000677665,0.006444887,0.000100444,5.20E-05,0.008157235,0.000192752,0.000720186,0.005606531,0.003906465,0.002403531,0.001739558,7.67E-07
G[T>C]T,1.35E-05,6.50E-06,0.010537051,0.000584997,0.011404932,0.00027625,0.000618792,0.005081264,0.010220212,0.366150889,0.006460864,0.010980957,0.006336704,0.00339377,0.010293593,0.002518085,0.000227928,0.053937287,0.010169769,0.001972118,0.002854561,0.006522331,0.00200371,0.002344475,0.002314211,0.000781089,0.122532865,0.000973085,0.00224748,0.000672879,0.002331793,0.012108173,0.057934973,0.003280883,0.0013356,0.000926989,0.00037914,0.004359784,0.009623203,0.010033502,2.62E-16,0.000424233,0.002411363,0.041685178,0.002554848,0.005785391,0.007311437,0.007406317,0.006469606,0.00429509,0.002292656,0.000469789,0.008571096,0.001036292,0.060161942,0.003630221,1.99E-05,5.12E-05,0.001060169,0.003595045,0.001785451,0.00378145,0.004698025,0.012760865,0.003125474,0.005838287,0.002114379,0.001075107,0.000685673,0.003478157,0.071979546,0.006776968,0.001823375,0.016131454,0.003729698,0.001787613,5.67E-05,0.011554448,0.005658204,0.008452677,0.002388328,0.003713719,0.003592029,0.00150275,0.003602312
T[T>C]A,3.38E-05,8.02E-06,0.010960202,0.001303406,0.010459254,0.000314986,0.001145033,0.003106623,0.030472178,0.065259699,0.001491281,0.010882968,0.000610361,0.001825048,0.011554941,0.004581703,7.59E-05,0.070011169,0.003973898,0.000803373,0.010792631,0.001815825,0.001008508,0.000935112,0.000848729,0.008107518,0.05414634,0.00367191,0.018267221,4.56E-18,0.000595561,0.008630071,0.03098833,0.001050374,0.001435075,0.001081182,0.000323516,0.002978248,0.000467066,0.007933814,0.001153209,0.000258837,0.00188638,0.034697335,0.001233683,0.003194003,0.004550845,0.014138932,0.009529567,0.049015774,0.004566479,8.67E-05,0.010725623,0.000666091,0.006433868,0.001088226,7.66E-05,3.53E-05,0.000689401,0.002790942,0.001110001,0.002684769,0.00286705,0.003449732,0.000480286,0.003725399,0.00241833,0.001292751,0.000165035,0.000286984,0.012041487,0.000848648,0.001900807,0.003426887,0.004820888,0.009532274,8.26E-05,0.021978668,0.063378971,0.004877538,0.001842459,0.001261093,0.001804637,0.003777814,0.024847245
T[T>C]C,0.000475814,2.63E-05,0.006871668,0.000288375,0.005981016,0.000245915,0.000336475,0.000949535,0.022354779,0.012182954,0.002006446,0.011206907,0.004582282,1.77E-05,0.012076584,0.005571167,0.000332315,0.03990917,0.001934947,0.001474147,0.003229815,0.014091155,0.001109415,0.003403354,0.000401236,0.010338189,0.037356408,1.92E-16,0.001577855,0.000118393,0.001297245,0.004675113,0.024384563,0.002259272,0.002380589,0.00066377,0.000180297,0.007084561,0.0006734,0.009557117,0.00544869,0.000612882,0.001535094,0.034776175,0.001357353,0.003670813,0.00201087,0.004598223,0.004659462,0.021894805,0.002150638,0.024090844,0.005999102,0.000606797,0.039821406,0.014735472,5.42E-05,1.83E-05,0.019443326,0.00260697,0.000926036,0.002013413,0.005262421,0.000734377,0.001183188,0.021518676,0.015179977,0.001497395,0.000794544,0.000378369,0.022966516,0.00117004,0.001476596,0.002075818,0.00173825,0.000446023,4.89E-05,0.002934704,0.009464026,0.002826938,0.002934467,0.01786502,0.003564928,0.000857545,0.000108403
T[T>C]G,6.08E-05,8.68E-05,0.005512364,0.001038106,0.008140697,0.00050008,0.000187413,0.002176166,0.014358727,0.020214061,1.76E-16,0.007983598,0.000334811,0.000151791,0.011334366,0.004445676,0.00011478,0.035880118,0.003013395,0.000342054,0.006621433,0.002252295,0.001269956,0.001868264,0.000815456,0.007777138,0.019579238,0.001089016,0.0045762,0.000195832,0.00091348,0.00321059,0.024486691,0.000774717,0.00170393,0.000174529,0.000133175,0.002870267,0.000970739,0.25460622,0.000999545,0.000339846,0.0009669,0.008024305,0.001238375,0.002953982,0.002528004,0.005335868,0.007012941,0.017428592,0.002518727,1.94E-05,0.011356186,0.000711827,0.01808703,0.001384475,4.15E-05,1.42E-05,0.000711664,0.001705072,0.000472996,0.001966115,0.059109338,0.003244058,0.001725654,0.002482551,0.001740888,0.000939127,8.27E-05,1.64E-05,0.003917878,0.001126596,0.000367319,9.36E-19,0.006148358,0.000144047,4.30E-05,0.009080987,0.008119033,0.001272105,0.00400579,0.002694616,0.001573694,0.002330367,0.000194621
T[T>C]T,0.000311308,0.000111651,0.0054423,0.000186772,0.005837039,0.000201081,0.000234816,0.000835,0.048268651,0.01880871,0.001779119,0.016208515,0.001475502,2.81E-06,0.007352751,0.003327575,3.86E-05,0.026359138,0.001004904,0.000172194,0.003782149,0.009906942,0.000516614,0.000950635,0.000546333,0.006156854,0.014211637,9.72E-17,0.001685025,2.33E-18,0.00081289,0.005493991,0.022832969,0.000507341,0.001225358,0.000186322,0.000143697,0.004263107,0.00019339,0.003571716,0.003166692,0.000404834,0.000965658,0.024251511,0.000971483,0.002767897,0.002657839,0.005146127,0.004142909,0.019291783,0.000858029,0.000632471,0.010857655,0.000153997,0.013711178,0.004960083,3.66E-05,2.30E-05,0.001754925,0.007237495,0.000435177,0.000449029,0.004114119,0.000340472,0.000130855,0.080501515,0.012694926,0.000893705,0.000492868,0.003534831,0.047438169,0.001033221,0.000696019,0.044392633,0.002364437,0.002046836,0.000179301,0.004936948,0.005136134,0.004998479,0.001685029,0.00380301,0.001891408,0.000940263,0.006279789
A[T>G]A,2.31E-05,0.000110205,0.002889704,0.000576147,0.002275604,5.55E-06,0.000255577,4.43E-05,0.012182172,0.003016977,0.001192947,0.035569445,0.001628719,7.25E-06,0.001737402,0.005705071,0.000148471,0.001658217,0.000136322,0.000111537,0.009433726,0.000750133,0.001361049,0.000380021,0.001618022,6.26E-06,0.000255755,0.001891623,0.008528862,4.94E-18,0.001328494,0.003188317,0.002170311,0.00070632,0.010969868,0.000172375,2.35E-05,0.002422575,0.000203917,0.000716396,0.002356733,0.002176501,0.000702394,0.016014696,0.000682182,0.002116712,0.003385199,0.009319302,0.002939631,0.005887826,0.000815191,0.001689145,1.31E-08,6.18E-05,7.02E-05,0.000137808,6.64E-05,4.06E-05,0.000476777,0.000459024,0.000703349,0.001758455,2.38E-05,0.000187909,0.000103805,0.005445813,0.010006968,0.001145237,0.017441551,8.55E-05,0.022465252,0.002683734,0.001570417,0.006953621,0.00340811,0.005196215,0.000628122,0.001336312,0.017369299,0.002072038,0.00017605,0.009202278,0.000454529,0.001294479,1.21E-05
A[T>G]C,4.29E-05,4.23E-05,0.002932316,0.0001345,0.002363002,6.79E-05,0.000205749,0.000754772,0.001657098,0.003343746,0.000749092,0.008425877,0.001621616,1.72E-05,0.001040727,0.000778543,4.91E-05,0.000844491,0.002944206,0.000152476,0.005726445,0.000951235,0.00666675,0.000697173,0.002023352,1.96E-05,0.000439542,6.42E-05,0.001257996,4.99E-18,0.000893231,9.31E-19,0.002898951,0.000916002,0.029642282,0.000533438,0.000102317,0.002516879,0.000349386,0.00034069,0.00059523,0.001062716,0.000618904,0.012059967,0.000978515,0.002497859,0.004502721,0.018123807,0.003105929,0.001976902,0.000424145,0.004029832,2.75E-05,0.000475334,0.000865649,0.002136926,8.11E-06,2.64E-05,0.000600476,0.004003149,0.00033156,0.001712765,0.001497938,0.001017222,1.06E-17,0.000938245,0.000900484,0.001538679,0.011293167,0.001317722,0.0049904,6.33E-05,0.000204945,0.006891389,0.001304273,6.81E-05,5.34E-05,0.000357313,0.002514477,0.000787824,0.000176365,0.006631755,0.000521149,0.000667242,1.40E-06
A[T>G]G,4.04E-05,3.49E-05,0.005169577,0.000873958,0.005250349,2.59E-05,0.000167274,0.000866152,0.000693543,0.0096947,0.00389183,0.004715047,0.000304476,0.000122598,0.000803541,0.000867438,0.000136741,0.000747679,0.000511369,4.95E-05,0.004364811,0.00071088,0.001071885,0.001176477,0.001378668,1.80E-05,0.000136848,0.002687167,0.003407533,3.80E-18,0.000956268,0.004835975,0.001909117,4.71E-05,0.009574227,0.000199521,0.000277472,0.002968341,0.000752539,0.000389873,0.000184665,0.003585876,0.000676532,0.013906777,0.001377308,0.00468724,0.003698337,0.011630907,0.005242117,0.002368001,0.000485374,0.025141718,4.58E-06,0.000582718,0.001259646,0.003326487,5.06E-05,2.93E-05,0.002835833,0.019797039,0.000542663,0.002174339,0.000793252,0.11664687,1.22E-05,0.001064196,0.002253182,0.001219971,0.020424144,0.000718664,0.0047414,0.001084184,0.000595147,0.002228441,0.003729729,0.000247663,0.000360062,0.000896845,0.003928554,0.001297823,0.000131754,0.023639804,0.001096168,0.001949723,1.20E-05
A[T>G]T,1.24E-05,9.84E-05,0.00239764,9.78E-05,0.002350681,6.88E-05,0.000137834,0.000317878,1.88E-16,0.009625948,0.000444371,0.015560935,0.006456739,3.83E-17,0.007433172,0.003298963,0.000160239,0.000871751,0.005892377,0.000714195,0.005534973,0.009096118,0.055064291,0.000800622,0.000928711,2.86E-05,3.74E-05,2.80E-05,0.002151366,3.66E-18,0.001609209,4.99E-19,0.003638572,0.000130941,0.105516241,0.000283206,0.000395489,0.000425528,2.81E-18,0.000457906,0.000793408,0.001549359,0.000523463,0.015048498,0.001400573,0.002891362,0.006007711,0.026086641,0.005008257,0.004912266,0.000510898,0.002990389,0.000641027,7.24E-05,0.000347663,0.005375617,2.11E-05,2.15E-05,5.46E-05,0.001116385,0.000624274,0.000651513,0.000172612,0.001349954,0.004072289,0.003801627,0.001272827,0.001816928,0.009445527,0.000979914,0.00247292,0.000522938,0.000354296,0.005330446,0.002145517,0.001616223,4.65E-05,0.001887541,0.00448057,0.001052939,0.000217843,0.004779099,0.00047279,0.000747209,8.28E-07
C[T>G]A,7.60E-06,0.000114048,0.00509545,0.000760866,0.002433627,1.70E-05,7.26E-05,0.000300578,0.005351759,0.001923433,0.001414432,0.032682765,0.000209566,7.56E-05,0.0118869,0.00831922,2.41E-16,0.001174199,4.97E-05,7.83E-05,0.005316249,0.000435527,0.00315394,9.32E-05,0.000790263,0.000914874,4.52E-06,0.006373719,0.008902584,6.51E-18,0.000943268,9.63E-19,0.001682179,9.88E-19,0.025863183,0.000527201,0.000190409,0.002067,4.89E-05,0.000849076,0.001411926,0.004219664,0.000490938,0.00305828,0.000929396,0.004608408,0.001527682,0.005601052,0.003220184,0.004324485,0.000941981,0.002794594,0.000203944,8.58E-05,1.12E-18,0.000175972,2.74E-05,3.50E-05,0.000914342,0.002813112,0.000520338,0.000909808,0.00427353,0.001886148,0.007957954,0.00017212,0.000594267,0.001029932,0.003591638,0.000961707,0.005612346,0.003642775,0.002679287,1.37E-18,0.007158909,0.013631178,0.000317849,0.000955408,0.010125406,0.001978217,0.000321134,0.005985015,0.000701697,0.001961166,0.042821158
C[T>G]C,3.46E-05,7.06E-05,0.00625512,0.000293893,0.003300784,0.000205605,0.000112875,0.000505301,0.006937752,4.93E-05,0.001722736,0.00709783,2.30E-16,0.000291895,0.00192397,0.000494624,1.83E-16,0.001142239,0.000944979,4.54E-05,0.001104831,0.001113394,0.036812153,0.001273891,0.001762712,0.001158289,4.31E-05,0.000873109,0.002178917,0.000107201,0.000442327,0.002119494,0.004459362,0.0002867,0.029832064,2.93E-06,0.000157552,0.001143332,0.000288726,0.000843419,2.25E-16,0.000448948,0.000442973,0.002133255,0.001015848,0.004896451,0.002013352,0.009866824,0.003032339,0.002288674,0.00062127,0.005663107,0.001680266,0.000180184,0.001534439,5.04E-05,1.45E-05,6.71E-06,4.82E-05,0.001973986,0.000382678,0.001972837,0.014116401,0.000405919,4.10E-07,0.000793503,0.000936287,0.00203587,0.003524888,0.001755212,0.002836451,0.000111867,0.000259875,0.002412958,0.002544493,5.36E-05,1.88E-05,0.000328399,0.005270361,0.001388679,0.000533446,0.00521803,0.000553,0.001342954,0.005215717
C[T>G]G,1.74E-05,4.49E-05,0.00789933,0.002098618,0.003646869,0.000201342,1.22E-16,0.000683846,0.001229349,2.12E-05,0.00345005,0.01130158,4.58E-05,0.00010102,0.004777619,0.002555267,1.52E-16,0.000493686,0.000282273,6.54E-05,0.001903985,1.73E-06,0.013345217,0.00155844,0.000932031,0.001630083,1.32E-05,0.00659994,0.005009081,3.92E-05,0.001269633,0.007190513,0.004170269,0.000251972,0.017384661,0.000141896,4.78E-05,0.000996485,0.000581091,0.000790141,0.000367703,0.00458001,0.000576803,0.002807699,0.00095181,0.005411703,0.00135928,0.005690488,0.003761842,0.002398743,0.003893829,0.030138006,0.001914831,0.00034578,0.001133289,0.002984669,1.35E-05,2.34E-05,0.00237005,0.003799287,0.000326579,0.001152086,0.013715067,0.081785363,0.003852511,0.001704717,0.000522873,0.001304199,0.005005702,0.000535252,0.001065422,0.001001994,0.00039026,0.002004902,0.00592934,0.000118837,0.000113828,0.001362114,0.001755614,0.001412974,0.000701123,0.019444361,0.001211404,0.002442753,1.21E-05
C[T>G]T,2.36E-05,9.79E-05,0.005291791,0.000677511,0.004428161,0.000288832,1.47E-05,1.99E-06,0.003581359,0.000130884,0.000429616,0.045850089,0.001134696,0.001124643,0.021297287,0.005017199,9.32E-05,0.000292008,0.000636497,0.000610609,0.002201355,0.00481609,0.546271611,0.002245245,0.001571963,0.003134023,0.000124194,0.001003776,0.002144727,0.000151571,0.002005702,0.005312328,0.005965197,0.000918016,0.115503934,0.000334246,0.000164518,0.000642816,0.000367456,0.000144565,5.63E-07,0.001989846,0.000709462,0.003120987,0.004199351,0.00277299,0.00278064,0.014797248,0.006433312,0.008447739,0.002432477,4.14E-18,0.000216059,0.000395482,0.001444414,8.87E-05,8.68E-06,1.98E-05,0.000310984,0.001502506,0.000361017,0.001072207,0.000560635,0.000870803,5.99E-18,0.004095424,0.000360762,0.013956262,1.29E-05,6.92E-19,0.001703602,0.001398465,0.000626068,8.86E-19,0.002798427,0.009542771,3.31E-05,0.0003622,0.026804307,0.001603136,0.000696656,0.001804626,0.001002669,0.000460785,0.000563284
G[T>G]A,5.43E-17,0.000197894,0.005859307,0.000594583,0.002692016,1.70E-05,8.87E-05,0.00030746,0.004600416,0.000110537,0.001726698,0.011861685,0.000313576,0.000182152,0.000443713,0.00058618,0.00011806,0.0006159,9.07E-05,8.77E-05,0.0013767,0.000790646,0.000491507,0.00083092,0.000800301,2.40E-16,0.000338121,0.002332973,0.004214116,6.76E-18,0.000802428,0.006072791,0.001845131,1.12E-18,0.002336201,3.45E-05,0.000205543,0.000362636,0.001100862,0.000770397,0.000552741,0.002275828,0.000216019,0.015780063,0.000541752,0.003291866,0.001195782,0.004676581,0.001737883,0.002550353,0.001403301,0.071108291,7.61E-18,0.000420945,1.27E-18,0.032126997,1.78E-06,2.48E-05,0.01008122,0.00251947,0.000832475,0.003040607,0.00018944,0.007368816,1.04E-17,0.001956833,0.01083952,0.001425985,0.035650201,2.30E-05,0.013148454,0.001419313,0.001262018,1.56E-18,0.015046069,0.011016159,4.80E-05,0.00064406,0.004618853,0.001290964,0.000269842,0.006451042,0.000926825,0.001689438,0.032170928
G[T>G]C,6.50E-17,0.000106232,0.003714707,0.000301243,0.002187551,9.98E-05,0.000141873,0.000365911,0.003687556,3.95E-05,0.00103546,0.010011726,0.001533355,0.000427194,0.000928307,0.00280904,3.28E-16,0.00038131,0.002930234,0.000299953,0.001646807,0.000390204,0.013091436,4.23E-05,0.001059342,8.60E-05,0.000754602,0.000415617,0.000760386,0.000112519,0.001374037,1.31E-18,0.001951537,6.83E-05,0.004654725,8.43E-05,0.000462173,0.001245658,0.000848304,0.001011491,4.03E-16,0.007850902,0.000437675,0.0109859,0.001208707,0.006866109,0.001397879,0.005146336,0.001141827,0.001611893,0.000103902,0.105362399,2.17E-05,0.000595746,0.000152308,0.01818719,3.76E-05,1.96E-05,0.013353571,0.007301729,0.000494927,0.001446506,0.002041735,0.00498023,1.71E-06,0.000286225,0.004326868,0.002290754,0.043600372,0.001794199,0.001636127,0.000837091,0.000530625,0.00323338,0.001793393,9.59E-05,0.000794138,0.000412238,0.003999582,0.000765085,0.000506021,0.004895907,0.000110798,0.000911713,7.44E-06
G[T>G]G,6.38E-05,0.000232556,0.010879647,0.001819207,0.00426302,8.07E-05,0.000239594,0.0017273,0.008422232,0.004227524,0.003940034,0.004271921,2.58E-16,0.000493288,0.00057797,0.000224637,0.000120799,0.000558289,0.000685194,0.000112832,0.000775714,0.001004216,0.001949166,0.004192499,0.000483204,7.07E-05,0.000189605,0.000502403,0.001328186,0.000127749,0.001767384,0.007159447,0.002383082,0.004006888,0.00474636,0.000444942,0.001136026,0.002290349,0.002169531,0.005411305,6.45E-05,0.00393344,0.001345171,0.009897935,0.001748189,0.005746184,0.001497108,0.003301338,0.002670278,0.001280187,0.000380009,0.211183715,7.68E-05,0.00012894,0.001149169,0.02990754,1.16E-05,4.15E-05,0.030730206,0.066006131,0.000759937,0.00247236,6.25E-18,0.292583713,7.87E-18,0.000906136,0.023665556,0.001998986,0.630137344,0.000195216,0.002502805,0.000348063,0.00087172,0.003388325,0.043041115,0.000301256,2.63E-05,0.001360463,0.000805311,0.001500613,0.000322331,0.019657665,0.001849309,0.002121756,3.20E-05
G[T>G]T,2.77E-06,1.50E-06,0.006022648,0.000195257,0.00195632,0.000239965,0.000637103,0.001357477,0.009757628,0.007875698,0.001325042,0.021605533,0.002647281,0.00152277,0.007278274,0.001101497,0.000148105,0.000192218,0.002043035,0.000467789,0.002842666,0.009011771,0.155389732,0.001592754,0.000334384,0.002996421,0.002386166,2.29E-05,0.001187974,4.86E-18,0.001566217,0.002361947,0.006349756,0.002012275,0.032330629,0.000687766,0.00013632,0.002612152,0.000585598,0.000466025,0.000492107,0.003375721,0.000444964,0.017820414,0.002797768,0.004575929,0.001731358,0.00852229,0.001656501,0.003831353,0.000882529,0.067657011,0.002162078,0.000369784,0.000594681,0.100599231,2.08E-06,2.98E-05,0.033073626,0.001873726,0.000496022,0.001098189,1.05E-05,0.001458385,0.000138102,0.003082528,0.017689606,0.006730713,0.046696696,0.001272639,0.003896344,0.001750064,0.000685919,0.016131454,0.003463782,0.003888363,2.00E-05,0.000181984,0.005917129,0.001668796,0.000338836,0.001205245,0.000699269,0.001007075,2.85E-05
T[T>G]A,2.95E-17,7.28E-05,0.005227728,0.000203894,0.003033183,2.23E-05,6.82E-05,0.000494471,0.019473941,0.000169579,1.59E-16,0.051072215,0.002249138,0.002327658,0.005934755,0.016140169,5.71E-05,0.001325415,6.28E-05,5.43E-05,0.008119379,1.93E-16,1.16E-05,0.000361577,0.001136201,1.30E-16,0.000299027,0.004012929,0.009268763,0.000109335,5.02E-05,0.001237969,0.001047596,0.000726713,0.046338648,0.000194946,7.02E-05,0.001459925,1.18E-05,0.000337548,1.83E-16,0.003017415,0.000500494,0.013311556,0.00068408,0.004511395,0.00344119,0.011483204,0.002709126,0.032291838,0.000770007,0.00012914,4.14E-18,0.000148309,0.00048427,0.001914324,3.16E-05,3.06E-05,0.00020682,0.001595718,0.000573033,0.000490886,1.96E-05,0.004283889,0.007999141,0.00244812,0.000583029,0.001008976,0.001107108,0.001243351,0.006600951,0.003947798,0.001596394,0.02594643,0.004403061,0.017512108,0.001543688,0.001405436,0.036057738,0.00223565,2.05E-06,0.004206939,0.001469192,0.002636388,0.037398287
T[T>G]C,7.73E-06,2.71E-05,0.004800231,9.98E-05,0.004040727,6.47E-05,6.55E-05,0.00085074,0.018611155,9.80E-05,0.00086642,0.007103202,1.98E-16,0.001211884,0.000686097,0.000634859,4.79E-05,0.000974025,0.000806228,7.32E-05,0.004849122,0.000106835,0.008824886,0.00115648,0.001465635,1.38E-16,0.000258359,0.000652399,0.001833142,3.28E-18,0.001141576,0.000365302,0.001335715,0.00018126,0.041457084,4.39E-05,6.08E-05,0.001637015,0.000123641,0.00012539,1.94E-16,0.001446462,0.000500925,0.015036262,0.000559676,0.00289561,0.004211356,0.020019331,0.002967933,0.01266304,0.00019448,0.005536197,4.39E-18,7.45E-05,0.000733359,1.89E-05,2.98E-05,2.98E-05,0.000439151,0.002301829,0.000475762,0.001745224,0.000453635,0.00423391,8.97E-07,0.003191534,0.001231437,0.001557558,0.007726758,0.00051852,0.006306172,0.001389093,0.000515094,0.018682362,0.001991273,0.000184561,3.94E-05,0.000202775,0.009454389,0.000719058,0.000243266,0.004558048,0.000771285,0.001574697,7.82E-06
T[T>G]G,8.52E-05,5.29E-05,0.006403251,0.001384141,0.004448538,7.61E-05,1.31E-16,0.000771082,0.008503928,0.000110823,0.002443904,0.00934707,1.99E-05,0.000627162,0.000831114,0.002816863,7.48E-05,0.000784878,7.97E-05,3.84E-05,0.004798937,0.000881749,0.00501685,0.000830976,0.001562957,0.001808184,9.29E-05,0.004971983,0.005891751,0.000118018,0.00136797,0.006191384,0.002295122,0.001583117,0.016918455,8.29E-05,0.000533355,0.003829408,0.00046986,0.000763023,0.001381189,0.003739853,0.000631988,0.024233401,0.001225475,0.004318272,0.002857975,0.011721795,0.004098426,0.016493399,0.002164185,0.015921889,0.000545216,0.000406431,0.000686849,0.001349426,4.89E-05,2.52E-05,0.006084028,0.001905262,0.000654237,0.002561782,0.005141977,0.061995823,9.42E-05,0.004528978,0.005432217,0.001363473,0.018129736,7.31E-19,0.00349414,0.001227177,0.000428428,9.36E-19,0.003563743,0.000304099,0.000179663,0.00122353,0.009415647,0.00184641,0.000278977,0.019113432,0.001338796,0.003070417,0.000208679
T[T>G]T,1.60E-17,3.72E-06,0.00411109,0.000166803,0.004259461,0.00011672,2.40E-05,0.000497626,0.0118891,7.24E-05,0.000387747,0.026971983,0.008580613,0.010167104,0.009269815,0.006398988,2.02E-05,0.000975774,0.000208208,0.000764031,0.007122522,0.002160657,0.063026916,0.001455571,0.001572099,0.000481702,7.75E-17,0.000260467,0.002159278,2.33E-18,0.000877124,0.002543395,0.003759086,4.64E-05,0.284925424,0.000210349,0.002870718,0.002571957,0.000179536,0.00088118,0.000103767,0.001382544,0.000624229,0.011493794,0.00167946,0.003182498,0.005014418,0.02037322,0.003780078,0.036784116,0.000632614,0.000453729,0.002633933,0.000204576,0.000375649,0.001561348,2.20E-08,4.03E-05,0.000549487,0.000988784,0.000550499,0.001445503,0.000164236,0.015814502,0.013315054,0.049126565,0.008608747,4.45E-18,0.011873635,0.002376696,0.006409913,0.001468193,0.000660414,0.047050874,0.001981391,0.004262536,0.000141987,0.000620051,0.020045963,0.000993787,8.51E-05,0.004904431,0.000607144,0.001577248,0.004183244
