"","DBS1","DBS2","DBS3","DBS4","DBS5","DBS6","DBS7","DBS8","DBS9","DBS10","DBS11","DBS12","DBS13","DBS14","DBS15","DBS16","DBS17","DBS18","DBS19","DBS20"
"ACCA",5.06065240905933e-05,0.000344165255213505,0.00358212077772552,0.00285360955617707,0.00250286095378048,0.00225781778441867,0.0540256894377204,0.211124025883146,0.0180969234970615,0.00225479470053635,0.00134873958580129,0.000950951200137782,0.00215048864535731,0.0289724827802657,0.0125928177317754,0.0603413034428268,0.013820940462606,0.00854485118362216,0.00535402540711536,0.00425750971772191
"ACCG",2.68815339233735e-05,2.91650656419315e-05,2.62423412459452e-05,3.41728442064472e-05,0.000540337771987734,0.000123925047997758,0.0073564395912336,0.000955458935795671,0.0015227902611979,4.14414725753759e-06,0.000190989567927483,0.000453666086896068,5.13893026126614e-05,0.000684468532985074,9.99459385957136e-06,0.00456123554402689,0.00119081450228257,0.00224183461417463,0.000655863546755578,0.00161560847101856
"ACCT",0.00436936016230238,0.000115949076582199,0.00170362288306126,5.73221902817823e-18,0.00236251363244061,0.000203713291163916,0.0160076114671875,0.312267163791271,0.0209659480616042,0.00316092724875159,0.000744267306034142,8.76074536129551e-05,0.00284726472420122,0.00214426269759308,0.0122999111262014,0.0147906578351378,0.00966677809808803,0.0166857909025977,0.0173365604753137,0.00200744755712905
"ACGA",0.000129349053687651,0.000218093968782961,0.00330006414355413,0.00303282201013772,0.000652615629059629,0.00728273488392279,0.0114525041476583,0.00113908822298724,0.0186118764730784,0.0012526638005644,0.000435140804986467,0.00137015071397183,0.00275636153820684,0.00114626174829539,0.0132094866106167,0.0090461603159422,0.0128051870049084,0.00607554341604391,0.00359405082317918,0.00134207256441361
"ACGG",5.81414995085086e-05,3.83654018065787e-18,0.00025385091431911,4.82967011869344e-18,1.29832091580343e-17,8.8275306906224e-05,0.00298965741726981,0.000795397506020625,0.00524516555581359,0.000138144329365869,0.00221508300263906,0.00141820179903339,0.00146116651001858,0.000386144849153426,0.00141489077399477,0.00375631313107738,0.00538082003402849,0.00412798980352185,0.0008314445526943,0.00222981183809237
"ACGT",0.00301475690182689,0.000257663694593492,0.00569754638053809,7.71644869177839e-09,0.000961379736007339,0.000112041800967247,0.0052966360346722,0.000148277501066786,0.00890133264219389,0.00671989726613092,0.00562138771115593,0.000377692505283387,0.00442989658643594,0.00467443335724982,0.075448790887287,0.00381762597860351,0.0203786193830246,0.0101157175979494,0.0126992045136065,0.000267747682371632
"ACTA",0.0012221984687839,0.00136193772288973,0.000569754525183524,0.000875382876277935,0.0017309506864112,0.0085729170811774,0.00637950414974882,0.0121764555385763,0.0303086687587006,2.45850950721884e-05,0.000259903025051333,0.00134666441402883,0.00257436757031727,0.0023194559600726,0.00207313228788032,0.00606978301703708,0.00577990621156453,0.0189862443149435,0.00664917760758304,0.00789628026692401
"ACTG",0.000175182069027003,5.8514138007156e-06,6.26430081354821e-18,3.65842344226279e-05,0.0013099087223916,0.00038111252648822,0.00117467619668156,0.00252366841191992,0.0131680870284508,1.79345581879876e-06,0.000235291287053161,0.000302160549619823,0.00427527665230507,0.00011233970576004,0.000300582128630667,0.00116504334925991,0.00587485991250547,0.011486953463585,0.00108480850856549,0.000110517848665408
"ACTT",0.0269902177978576,0.00268706674085195,1.00454553586629e-06,0.000110973555685904,0.00873662250789452,0.00269919516757131,0.00138889544627307,0.000263168841329331,0.0326627403472264,0.00016624141363936,0.00277623712701604,0.000632561084973942,0.0157059070002973,0.00110871151132996,0.00564195310913967,0.00446360710139312,0.01165507571509,0.0139417853282258,0.0712774462883545,0.00212467602248601
"ATCA",0.000657427609590981,4.65731341023036e-05,0.00531837700731248,0.000845531345256251,0.000169155688099884,0.000129583670486923,0.0174964752607308,3.65711328731141e-05,0.0125116139109971,0.00110686692416789,0.0124984377083553,0.000491037152622432,0.00562332343424892,0.004553989051033,0.00125912878035493,0.0112394615126207,0.0090695074505884,0.00505517767100446,0.00617458509242365,0.00253634718527131
"ATCC",0.000405095721520961,5.13782987319063e-18,0.00685949765173917,6.45858617671957e-18,3.3364041045342e-05,7.26197690320841e-05,0.00986738130192559,0.00018805060694528,0.00175359630527032,0.000363729553756157,0.00250496044867329,0.000879562268389811,0.00134703379021308,0.000720571521602141,0.0108964056935787,0.00298758104097413,0.00630015096641002,0.00201615974806261,0.00292564849002415,0.00139896302503463
"ATCG",5.42716669018509e-06,5.13782987319063e-18,0.0110295888517037,8.72831789025245e-18,1.64470624871404e-17,2.06835648886374e-06,0.00174964831454391,0.000349800254914583,9.08625674077691e-18,0.000812120410274097,2.2941733806479e-05,0.000341902081724765,3.11358971933989e-06,8.50501714942026e-08,3.26453450015885e-07,0.00521597917755669,0.00126568160750187,0.000823424553212481,0.000425563754174693,0.00176050667478983
"ATGA",0.00289158759448201,0.000207036062487161,0.00136736687591857,0.000299074059464681,0.00173854535533115,0.00184146005495461,0.022698130877756,0.000213036057544527,0.00627550994150924,2.52718434832518e-05,0.0147660856981573,0.00161699001145566,0.00285124640015499,0.00818135940297893,0.00853120909744328,0.0067912800241641,0.0126990462070164,0.00292704581412817,0.0145589734667533,0.0095859893855633
"ATGC",0.000237328090308184,7.20774694440412e-06,0.00396611948333806,1.62387309586092e-05,1.64470624871404e-17,1.95471052793716e-05,0.0146434471719664,0.000297199652471005,0.00178315127703343,0.00127932499414347,0.00551091430557169,0.00101756996542322,0.00040129093524809,0.000919308666040562,0.0159865810567557,0.00215841515841501,0.00976477758154552,0.000548260938617156,0.00334216951977236,0.000417617309880849
"ATTA",0.00319165809527984,0.000564418333673623,0.00177531030917155,0.00418150274680725,0.00124204143296935,0.00250074754932031,0.0535928087102963,0.000414237801731984,0.00906353124398273,0.000918730904839331,0.00506265787831161,0.000679485653254117,0.0140543083578005,0.0180710653547675,0.0134281261945672,0.00935106011726118,0.0112029306151078,0.00886831295579128,0.0175449682139573,0.00332208104767066
"CCAA",1.06608721905773e-05,0.65806822970809,0.00506485643493623,4.76358853794421e-18,1.21306794092183e-17,6.95711016457528e-18,1.05143115370409e-17,0.0369539553169684,6.55627865094533e-18,0.00316838582022671,7.14761431571291e-18,0.00304525862052556,5.05614606435411e-07,0.00379983288529766,0.0136669266513966,0.0360354964454022,0.000232234642617281,0.00867504331431541,0.0216942512592661,0.000316752002078397
"CCAG",1.23706347117076e-05,0.0659886096556058,6.18741656854597e-18,0.00369684140895935,0.0280715231943733,0.0516445733896642,9.65362674307955e-05,0.0150337615888058,0.0191827264144569,1.64887674930127e-05,0.000945171343173893,0.00366835914057699,0.0115114391179129,0.000157726707572836,7.17520493332558e-06,0.0112687192048316,0.000799804359934561,0.0389452510400918,0.00662646600214389,0.00332232696163509
"CCAT",0.0188121690330368,0.0908934014666254,0.00328184866967532,0.010688842109055,0.00280715243496761,0.000367213038607162,0.000990521421305492,0.0279336977815258,0.0141690594486012,0.00242832483963313,0.0335477391432959,0.00277031657080493,0.0426582943338907,0.000689647213809471,0.0234464436462838,0.0193852117465257,0.000481725403883351,0.0811326888788798,0.0889706936023026,0.0046304418505224
"CCGA",0.000134803711621871,0.0160881318733006,0.000353815431836606,0.0024169039580347,7.80984693393484e-05,0.0297627008511767,0.000351100078470684,0.000784665012315432,0.0079928029149771,0.000784002042778883,0.000926695489516175,0.00234049586066265,1.02502766216925e-05,0,7.16717897702432e-06,0.0031392026187597,0.000493566907850715,0.0130649888332365,0.00406576396854833,0.000711897951472957
"CCGG",9.87639291617633e-05,0.000409020086229957,4.04133064161786e-05,4.96774233242753e-05,1.37481033304474e-05,0.0151747858255183,0.00238329783811951,5.43348444064935e-05,0.00222345214858382,1.71362927241548e-18,0.0033547741088225,0.00401724641625571,0.000758358831027752,0.00258374287360437,4.74334017404409e-07,0.000184835812712854,0.00217455631101291,0.00426246900795178,0.00112679453466477,0.0022446128785661
"CCGT",0.00696150830499794,0.00099982758425009,6.35464404337154e-18,5.43729605973917e-05,2.86515094617728e-05,0.0028840473871615,0.000189500692966652,0.000222112111548037,0.0130064698808329,0.000249770601185496,0.0675816774891727,0.00137418449812275,0.0231168673588256,0.000602280923590179,0.000417062398429885,0.00286178815456516,0.00623486619753193,0.0155517328953783,0.0127147862801305,0.00347501085497386
"CCTA",0.0104623828422713,0.0145429438711634,0.0115895507529084,0.000115738869168486,0.00146711209501808,0.00186121640358981,1.05143115370409e-17,0.000694462378745102,0.00049918720639324,0.00552732995015603,0.0571770159153915,0.00200932934861407,0.0407616639673015,0,0.0414330964851659,0.0074498577367103,0.000191630963803099,0.0185354199120127,0.0382230720918495,0.00831205699057579
"CCTG",0.00256529550293883,0.000215417215123055,1.61653225664715e-05,5.64825498070527e-06,0.00555654435110252,0.00575971103747166,0.000274370029089034,0.00408336349445109,0.0112625855291804,1.71362927241548e-18,0.0314084630409257,0.00536870493186397,0.00940731555560202,0.000677372611051389,2.27937158955757e-05,0.000441821416103946,0.0208514781560234,0.0147728519447973,0.00590398169479957,0.00166648363728057
"CCTT",0.863146579458669,3.78945280347242e-18,6.18741656854597e-18,4.76358853794421e-18,1.21306794092183e-17,6.95711016457528e-18,1.05143115370409e-17,0.00424825034192323,6.55627865094533e-18,0.00476414214341419,0.322836214110784,0.000262591557870261,9.8264671075264e-05,0.0077345729997393,0.0695914715281045,0.0170885644518929,0.000542209470535885,0.0261970938471418,0.08203222574495,0.00489799598780679
"CGAT",6.20385912373747e-06,0.0106927100435944,0.00161874677954944,0.00201969868773736,0.0193803404454354,0.0646655628971197,0.000738859317354803,0.00319484823364832,0.0016278258298558,1.75297053362937e-17,0.0181039487827898,0.0571084770669593,0.00416186612240979,9.4565810822627e-08,0.00152215745609307,0.00140132463166098,0.0169280896447199,0.00691363499352486,0.00273778422880537,0.0124843616677103
"CGGC",5.57627138485192e-05,0.00343096548943982,6.32946641292053e-17,3.55029238874316e-05,0.00117237147238258,0.0050600407811412,0.00222394274944674,1.12157052621816e-16,8.92256777751014e-05,4.4947962400753e-05,0.00165124236734068,0.163120767207977,0.0118032882088483,0.0177664929717726,2.26601936310903e-05,0.00203086994617477,0.0157441449286801,0.000269312111344256,0.000489334645574621,0.00129067488099505
"CGGT",1.74901501000891e-05,0.0119014561099025,6.32946641292053e-17,4.87295033749061e-17,0.076575960008221,0.027615797622299,0.000246286439118268,0.0120054695698912,0.000739086030903757,2.41299587625095e-05,0.0117377289704295,0.183010660982119,0.0238302423537064,0.00234721446623672,0.00187330014500905,0.0156553584179703,0.0320990545071056,0.013488998920487,0.000989447587307272,0.00207166357678894
"CGTA",0.00366357943487695,3.87645053104332e-17,0.558012208176149,4.87295033749061e-17,1.24091738508237e-16,7.11683052689878e-17,1.07556976310587e-16,0.00502046728824488,6.70679677942846e-17,0.846950944844958,7.34155195282473e-17,0.0579766316185564,0.00660968935573999,9.20695083630235e-07,0.000714288712284369,0.0189799852291264,0.0394256145518747,0.00213044280279672,0.0204253346862041,0.00437093739095507
"CGTC",0.000129632877212425,0.0199907252439682,0.00411527080390909,4.87295033749061e-17,0.000352184172147187,0.0764151414152235,0.000579427516186456,0.00897929363290262,0.000988590767855532,0.00626932996724588,0.00681384557553273,0.227240533797684,0.0223248528429951,0.00291161376822096,0.00506776347064642,0.0130085077373221,0.0380026521099743,0.010096904149614,0.00320013002080028,0.0109160570193359
"CGTT",0.0012760813513025,0.0516969485248822,0.0408676995794057,0.0025141778425554,0.0262343526206345,0.160377458667363,0.000372404132579796,0.00326429627764786,0.000616400723962992,0.0183821481745884,0.00695310626088178,0.209419907580372,0.0165665438800821,0.00156286154929718,0.0219468655139707,0.0385150723223701,0.0830698036498462,0.0212896242255734,0.0175332591478965,0.00334386970824474
"CTAA",2.01985536547535e-05,0.00211539253115898,4.16098249087337e-05,3.45372594679611e-18,0.390300625681411,0.00272317520309424,7.62315012703581e-18,0.0144862774177739,4.75347304050896e-18,0.000658966948165356,0.00310206195319525,0.00108554574761596,0.0440828534212909,0.000222049107481548,0.00218057995131161,0.0467824082888259,0.00497509743670653,0.0157305857394741,0.00775271475031913,0.00582188135624796
"CTAC",0.000305608491934396,2.74745212926391e-18,0.0117557376100896,3.45372594679611e-18,0.175048993165578,0.00118531106529244,8.51701507555993e-18,0.00984504301455971,4.75347304050896e-18,0.00217978899756027,0.00165678324887977,0.00106958604081379,0.0185056100466912,0.00934122512248022,0.0444756309493405,0.0634702531604648,0.00697567751184776,0.015499837757957,0.00510255252665861,0.0034532800350612
"CTAG",2.07819053848547e-18,0.000386833353463296,0.0460534051871153,0.000179180782288045,0.0223627182275766,0.0240101408779097,0.00106205913089003,0.014345633865741,0.000306607442994053,0.00444341625919626,0.000349686855621618,0.000569928512459983,0.0094956925017607,0,1.71079413588836e-06,0.0253391938806753,0.00388345637150207,0.00430775387641489,0.00202164594434476,0.000345601313914115
"CTGA",6.5043717906282e-05,1.19253917361335e-05,6.95133879610148e-06,0.000332200083918531,0.0134846355490573,0.00446163110807181,0.00157623048773277,0.00391692035645859,0.00149616090942596,1.24242592200981e-18,0.00817816326705455,0.000265969297101171,0.000781821727947368,0.000210578020365827,0.000164054101479115,0.000852398927910303,0.00263765129400129,0.00216209558115164,0.00242654165383375,0.00189618640200222
"CTGC",0.000183802463120281,8.83058786525141e-05,1.08715705590192e-05,3.5622716194097e-05,0.00406214206913245,0.0010880543956568,0.0131492998309846,0.000166662704127041,0.00163840200275599,1.24242592200981e-18,0.00430763574202525,0.00011984293334141,0.00277288043189249,0.00457748621296772,0.000193497799602182,0.00677668060830708,0.00530117489508442,0.000725884985030743,0.00257010222632857,0.000384070814356465
"CTGG",7.87524835636598e-06,5.91657556853476e-05,2.42084415050278e-05,0.000457083360428731,0.000477406691469053,0.00413947017508492,0.00337161557912316,0.000215184374327292,0.00547889992882995,1.24242592200981e-18,0.00283415666678858,0.00153632526802397,0.00189364889040482,9.85585147757859e-05,0.00014096536347783,0.00314254623543667,0.00370270285019341,0.00117684126242557,0.000771360297951897,0.000304913817699568
"CTTA",0.00569641870659312,0.00222742269189075,7.43316357009637e-05,3.45372594679611e-18,0.00279743352600374,5.37225581640926e-05,7.62315012703581e-18,0.00766506901325174,4.75347304050896e-18,0.000675734668048027,0.0293990872755208,0.00142694398451777,0.0222135449405206,0.00144586902292996,0.00199139230550689,0.0135966675904718,0.000435848534660024,0.00564447825762131,0.0545406772377605,0.01096088665896
"CTTC",0.00765843766478758,2.53002786004159e-05,0.00256121552550473,3.45372594679611e-18,0.000198500293435312,5.04408634346119e-18,0.0532715209218792,0.0125172690962489,1.5809777296593e-05,0.000461109194900363,0.00210799200386739,0.00122351102777181,0.00608185140932813,0.0287138233013873,0.0387070594833014,0.0710543419695328,0.00895091708920002,0.00374687839944564,0.0349620126057902,0.00039993009013744
"CTTG",0.00163379975320135,0.00025701064003349,0.0210876116829238,1.51963941659029e-05,0.000732022811802859,0.00680793891931747,7.62315012703581e-18,0.000679308307075951,4.98534977419233e-18,0.0076627970150607,0.00104342077470548,0.000428018326930448,0.00279653115960416,0.000386878076184081,4.20133797997074e-06,0.00495198110049053,0.0116781837439381,0.00153888420640563,0.0103344697618932,0.00363906445142244
"GCAA",0.00373021430270014,0.0108361596204622,2.8256571719668e-05,0.524063841908876,0.000360571077297441,1.63270687404161e-17,2.4675171610409e-17,0.0293633091362919,1.53863902803157e-17,0.0022144047710016,0.00228204171395601,0.0115773442086152,7.37857116531132e-08,0.000702584907326444,0.0825203841002329,0.0387304192971983,0.194766348265112,0.0668401494881302,0.0326169617135338,0.0199751494668038
"GCAG",0.000252615249901663,0.000693258724121183,0.000682579351476312,0.0180546385441363,0.00721141883466385,0.00720119136613061,0.000199257469862816,0.0193934426433518,0.211449871911042,4.02157537604908e-18,0.00750791659990014,0.00449391128219386,0.0392501913492562,0.00160732901319459,0.00739119479783995,0.018683126013833,0.0292375362102723,0.0811570662364317,0.00980205619243633,0.0190555818335582
"GCAT",0.000114946346905089,0.00203284718736564,0.00521741637073346,0.0147632623839767,0.00425636222955174,0.00369897217357646,0.00095493187087721,0.0125420031617731,0.214860354018702,0.00420628345664059,0.0620715245779371,0.00303642564648398,0.0401828797530589,8.32083353437788e-07,0.273148578278557,0.0100555969714448,0.0715327076438642,0.0972629274498692,0.00970597689908375,0.0330153399742089
"GCCA",0.000135952968824089,0.00226108776143729,0.000309906566684692,0.0190132915931002,0.0124166521775623,0.0170979129322189,0.00182800986495653,0.010994170277951,0.0467236006104242,5.69885995090464e-05,0.00481510682970479,0.0022963829424483,0.0240536978968259,0.00052660096245361,0.00224402982131873,0.00930423237619176,0.01755331318324,0.0449389948302209,0.00257907227697191,0.019553920444079
"GCCG",1.21555171778482e-05,0.0001426743511184,1.45207382448294e-17,1.56988941146636e-06,0.000875671841640937,1.77827351100435e-17,0.0072301883125826,0.000550846689935166,0.00426310306102731,4.02157537604908e-18,0.00921944788536714,0.000441383547019938,0.00200046942481869,0.00192830095583508,0.000662358217081483,0.00310403786315462,0.000571835558363281,0.00371340357167437,0.000455491416252108,0.00192717083759994
"GCTA",1.95196363224864e-06,0.00156996382095541,0.00553124615309349,0.0282802737281495,0.000601856460915118,0.00163108990410129,1.70324193416983e-05,0.0194844898952556,0.0238733730478132,0.00152511706327852,0.000554535050165584,0.000335778572462246,7.84117750796406e-05,2.13579289910752e-05,0.00320288259705983,0.00164946916894301,0.0135409586859114,0.0365041591505705,0.00226379293222136,0.000616229381992162
"TAAT",0.000808902302454176,0.00397990587738888,0.00128640907574972,0.0329543193191302,0.00343960806548992,0.0114401719116006,0.103291918018201,0.0149801252333302,0.0179327072772848,0.00382964567132303,0.0034526836492919,0.00242456150266458,0.00980177395543677,0.0239154658528576,0.0323539688083003,0.014115126856176,0.00919476815394674,0.0136040463857345,0.0165240757349216,0.21420170693115
"TACG",1.20904253645195e-05,2.734702004254e-05,0.00296317624117846,0.000421685718733707,1.4513781704097e-05,0.000345742048436935,0.00564588476126105,3.22882453128542e-05,0.001561880937742,0.00151344642516629,0.000904200261112191,0.000161504894527215,0.000384031673596306,0.000335364597241308,0.0195918363764539,0.00209920027948659,0.00764607827744222,0.00250696808683909,0.000981816705887708,0.00857490466064794
"TACT",0.00112445439756392,0.000405226406671626,0.00030518942308926,0.00945268607153494,0.00417535378498835,0.0348411320763053,0.0538672904300365,0.00633180524024095,0.0164286733530393,0.000596540867577791,0.00523321617319534,0.000934010855947694,0.025712963245568,0.00748793744031016,0.00327675965696419,0.018226333464437,0.017756071649072,0.014504851859652,0.0156434612998584,0.155589394642579
"TAGC",3.21877549439527e-05,0.000118937833200888,0.00176548515514288,7.60643346954615e-05,9.60227382704515e-05,0.000352416497143906,0.00279517482348765,0.00121848576817746,0.000669872883597312,2.72850421818281e-18,0.00157925366860086,0.000532146780599969,0.000198945145231969,0.000186961248922095,0.00010185043061781,0.00151066586745386,0.000735910356426786,0.00034160335912959,0.000425903794413718,0.00381488240346781
"TAGG",0.000112577073261685,0.000114162956685524,0.00484399442792866,0.00240653252281027,0.00299816100169408,0.000291010501341518,0.00797828178099067,0.000335122633397142,0.0037600836532801,0.00316313984315243,0.000580607556528328,0.000763108629978081,0.00093130972484391,0.000818933696485739,0.00296942055140393,0.00156760467699058,0.00617224913404837,0.00487394525420638,0.00192785930490151,0.0130490439715251
"TAGT",0.00184205557263628,0.00188140986697427,0.000321158270714631,0.00873723057378459,0.00351318318929458,8.34139260519286e-05,0.0486841834725335,0.000236285070221043,0.00900106149954016,0.00132932872797544,0.00413393063347152,0.000456173309280942,0.00964715409991449,0.00815041565546993,0.00105149771166983,0.00980810015295811,0.0129948278671707,0.00915318913865602,0.0129476229829572,0.0747685249893616
"TCAA",9.4156698586345e-06,0.00113197867026194,0.00262732309632341,0.221619553052156,0.0400847253749417,0.032979746388836,0.0195712383760708,0.0323225436842879,0.00230287650673227,0.00150167916337439,0.000181234692950676,0.00354087911590872,0.0576559651080128,0.000780538864353852,0.000335625380050818,0.0656143756043705,0.0329195024160496,0.00258069053748673,0.0117997265396001,0.129356151869206
"TCAG",2.66921283148446e-06,0.000156134719860374,2.93962952899013e-06,0.00109347905637573,0.0147837235447209,0.00596227733373322,3.99585991733785e-06,0.00966344054306118,0.0291448035936325,5.38300816346088e-05,0.0395877074237133,0.00124109479165237,0.0569006247005257,7.06452578341434e-09,7.92867206213568e-05,0.00887505715395776,0.000131647235353361,0.00832184352387555,0.00255138399279125,0.00574001115641168
"TCAT",0.0021255442794406,3.25472541675129e-18,0.0005359930891419,0.00491773186286985,0.00074216296379219,0.000427728245454921,0.0022866398283814,0.0154115221089171,0.0323276409506017,0.000613781550196598,0.0706565415209265,0.00304414224276639,0.133676884212605,0.00245705562938837,0.00562808532840761,0.0229672925627902,0.000742640248762234,0.0516595576013737,0.0813474503616615,0.0171992287321919
"TCCA",3.81809731882243e-06,0.000532420003521436,0.0313460208530829,0.0494696942676143,0.00141884049323626,0.00849696496588366,0.00270602330807564,0.0146617723756903,0.0304553839021351,0.00500559694641303,0.00023552199439097,0.00378643717646221,0.0317514705864157,0.00585540692110155,0.0141340667116865,0.0126798960920495,0.00302763509260766,0.0132070588363615,0.0040979183706574,0.0108548536047731
"TCCG",2.85061564527467e-05,3.03618270291667e-06,5.55135152306083e-05,0.000233898991469272,1.05181544676126e-17,0.000620710516956057,0.00162760764703976,0.00908030195425718,0.00486162776468367,0.000167250404481276,0.00270599512543746,0.00109017219033092,0.00611776013615661,0.000935757468639108,2.34376228166559e-06,0.000234236347720384,0.000929222527071323,0.00153948531231534,0.000574809077773564,0.000339645588077624
"TCCT",0.00164168077981168,0.00261526085046458,0.00928416491402614,4.83954342773003e-06,0.00104180633127873,0.00676156797660483,0.00917651427739592,0.0072975637922903,0.0320780066358532,0.00520423187829132,0.0167871928325886,0.000993325991320024,0.0275134832017461,0.0367975144996156,0.033105301004312,0.00683305244555433,0.0117205537540754,0.017916049228764,0.0164659789867299,0.0130849663494369
"TCGA",5.54574316444344e-05,0.000690897032968302,0.0372323728445276,0.0212848327721125,2.44100565946481e-05,0.00528540024881164,9.03064341318355e-18,0.00800566094774929,0.0107966830203563,0.00870020421638455,0.000196268189452366,0.00199399712765917,0.00980643366885318,0,1.61995334173945e-06,0.00363167509339908,0.00352309878011547,0.00133480528170522,0.00289953725632451,0.00505553674349136
"TCGG",0.00035512105885909,7.70363066267031e-06,8.47058557681726e-05,6.0786535807237e-06,3.45312995729168e-05,0.00108732347560111,0.000704963592126454,0.00159113563755371,0.00232783950120176,1.47182008513443e-18,0.00612189636141659,0.000272009550040283,0.0130232724522109,0.000116755775163933,7.92743124681009e-10,0.00202685767022978,0.000160454566898778,0.00129120866200594,0.00108622468019448,0.000687575740181407
"TCGT",0.00440661728466446,6.68896806272387e-05,0.0207697298104135,4.09140144856403e-18,3.83019587216835e-05,5.97539656887474e-18,9.03064341318355e-18,0.000229923362636426,5.71228428439492e-18,0.0091173372952523,0.01269479260644,0.000218187011821257,0.0281992307391466,0.000645887523440135,0.000101812344173706,0.00386101723943596,0.000219942247105598,0.00570371984994744,0.0234361482071105,0.00390212298329835
"TGAA",0.000966846125258647,0.00188739854319398,2.6121761440785e-05,0.00364414081155765,0.0145871964006679,0.0149976698563261,0.0184319995742842,0.00588561245254442,0.00805384197319881,0.000230380432708552,0.00534128230711624,0.000366169614272726,0.0133035263512288,0.000415141442929968,0.00200319257374843,0.00530180529682249,0.00381160424152053,0.00576308221916794,0.00679723037987982,0.0133788220521486
"TGAC",0.000167257180259186,0.000140279922973792,3.1439964368849e-05,5.63576465272284e-05,0.00118318405115196,0.00594025370543578,0.00213680704617846,0.00261960791361743,0.00370578676358904,3.35836202888075e-05,0.000590747228777357,0.000119988907550526,0.00305852766793413,2.79946443668436e-05,8.95441700829641e-05,0.000590732366363653,0.0010732332178138,0.0025898450975041,0.00142187947811497,0.00226578967188507
"TGAT",0.00170080288988499,0.00273545307924047,0.000374462489051645,3.34174926253969e-18,0.0165321555965701,0.129979803853446,0.00105209229920066,0.00559303293456914,0.000380263737033865,0.000405599165992831,0.00716263917189098,0.0025487640618439,0.0128048936897081,0.00102452946570838,0.00104927448387563,0.00661758260885606,0.00420856977754576,0.0154687866254238,0.0115356832057104,0.0286415129281599
"TGCA",0.000196897952215099,9.18190991284374e-05,0.0062149837236758,0.00038399611122367,0.000385749970364862,0.00670484078692663,0.019492247077465,0.00344291343292396,0.0116219998933348,0.00473739899857719,0.0382689581926017,0.00203274812092767,0.0198007457740508,0.00596811881947323,0.0443744457085958,0.00403160533574714,0.067289065686559,0.00902607579840009,0.00518406653445808,0.00142962612028859
"TGCC",7.26897758094275e-05,3.78674893302033e-05,0.000189185684101886,5.73129094235629e-05,0.000410062365547241,0.00464045525528892,0.00085635434882442,0.00085052237694602,0.00601489444457642,3.08255028710623e-05,0.00213514892690541,0.00296893200132478,0.00359988731268679,0.000436568422888159,0.000109439621447114,0.00179206606448913,0.00799485344038044,0.00216952936479153,0.00138439058045497,7.68837497968688e-05
"TGCT",0.00130559518414838,0.00195753882343079,0.0023726384185335,3.91939449220727e-05,0.000265811360262364,0.161739575383079,7.37599239420926e-18,0.0132681439073444,0.00049342523053972,0.000702497908647212,0.00380643144582682,0.00237997516374417,0.0114117379344218,0.000429784253136381,0.00207101311353982,0.00728085851263646,0.00172696628730494,0.00606523917835182,0.0124273755476805,0.00710695628089127
"TGGA",0.000287230658293493,0.000937322998393612,0.000204430156377448,0.00374921447883418,0.00265000730965031,0.0043757908355523,0.00672849530789676,0.000184393427748884,0.00315017385523563,3.27709969051544e-06,0.00498656149811887,0.000299270395300819,0.00422120206155553,0.00356567886000647,0.00307651715398526,0.00087908895306271,0.00460740356617232,0.00044235550316621,0.00242715093229607,0.0112294720922423
"TGGC",6.27232064668929e-05,0.000173436926131253,0.000194657958497131,0.000288474595517732,0.000236636972323832,0.00329360597996334,0.00316443210158209,0.00240867828790093,0.00199307124747137,1.20214399538215e-18,0.00417479562524817,0.000254155257313784,0.00151722137382482,0.00306754940855434,0.000365884084501084,0.00103942714108331,0.00345652621407869,0.000476608171976934,0.00100891915445027,0.000304433145645488
"TGGT",0.0013408817502342,0.00408086266264888,0.00402605871484894,1.54197858828617e-05,0.0670200625580468,0.0161151434188168,0.00710365998476068,0.00534808257713312,0.00170252095694181,0.000352060117613338,0.00357449824183481,0.000723930560252638,0.0132488689178761,0.0328480033566084,0.0032554298268197,0.0214314062658331,0.00149685267588104,0.00177918693984886,0.00706426495320188,0.00308041029358881
"TTAA",0.00339137564885932,0.00240555819588352,0.00110170532632312,7.52168201977992e-06,0.00349004548842965,9.9358862204707e-05,0.167763898660173,0.00213218671739223,0.000152148462538315,0.00205916780025125,0.00284818910989586,0.000489282865437012,0.0079800371807771,0.170893082900808,0.00407213580103882,0.0216928462629075,8.57293551360171e-05,0.0136723075032737,0.0342239390841422,0.0321615160088487
"TTAC",0.000444770526278282,0.000192556281206416,0.000831411186860744,2.7579500739193e-07,0.000685240854002693,6.58959342910679e-05,0.0285555572491442,6.73248054588468e-18,0.00297157636301957,1.05226017796345e-18,0.000620988736730467,4.68670909658843e-05,0.000891170626471976,0.010948930153658,0.00183512826884115,0.00560222530594678,0.00484670118513753,0.0087698333866845,0.00622759355903956,0.00541300148249915
"TTAG",0.000258213850729755,0.000119999124962877,0.00783510852594849,2.92509856324775e-18,0.000633457610155301,0.00109140543281625,0.0384786131182555,0.0086955104126905,0.000409595799573169,0.000988400623643634,0.000758322606281388,0.000348358411346118,0.00350549627016121,0.00599431943475747,0.000129972869710295,0.0198304618072125,0.00259083796059543,0.00403914482981627,0.00609043522505032,0.00798672343929421
"TTCA",0.000447859043227332,2.32692703465863e-18,0.000237448109904588,2.92509856324775e-18,7.44888703725803e-18,4.27203835609569e-18,0.0697469481846547,0.00374621611279942,4.03036964366779e-18,0.000183194946847883,0.0012061511427702,0.000376057309746561,0.00230494299282575,0.0065824058175377,0.00131568231438993,0.0579126506352324,0.00562405313667765,0.00851921264034203,0.0142741664327171,0.000328810979794913
"TTCC",0.00334813394125312,1.66288790486396e-06,0.00279189882086149,2.92509856324775e-18,0.000548334566764769,4.27203835609569e-18,0.0252716680869308,0.000175101094693166,0.00230230246367855,0.000408993366404449,0.00238841826412836,2.14465458274987e-08,6.35474032282443e-07,0.329923874600644,0.00676209378681258,1.24272621381302e-06,1.53778983363638e-06,1.06434982510983e-07,0.0219914283537238,0.00141417360879546
"TTCG",5.17531934273928e-05,8.4818443469571e-06,0.0108801942362591,3.02956636907802e-18,7.44888703725803e-18,5.7646782636472e-06,0.00190608323890583,6.90877620902869e-05,8.83735536485296e-06,0.00121845934786944,5.94756739915461e-18,0.000190812770161541,0.000518523207021274,2.96166600139329e-05,0.00132939549597253,0.0072186522373181,0.00257915682808282,0.00192050579570292,0.00239815453533835,0.000505898973611469
"TTGA",0.00114899068061386,2.6728970014424e-05,0.00420837699976586,2.92509856324775e-18,2.12115926108586e-05,4.27203835609569e-18,0.0311255575872587,0.00216196573001563,4.09285599473241e-18,0.00123408065433056,0.000422153079113168,5.0463608254733e-05,0.00171083953047162,0.0140062941062731,0.000392853944602797,0.00526653259293406,0.00350562057084149,0.000681386716999228,0.010633832697334,0.000691809802003878
"TTGC",0.000654800795251412,8.59344756204864e-07,0.0227526072618413,2.92509856324775e-18,4.01530482198862e-05,2.10513697306402e-07,0.00261997206300473,0.000170336524168791,1.5889386413574e-05,0.00366389865294681,3.45149995653751e-06,0.000745852228111493,0.000457000847709237,0.00562974363867525,0.00516597062539041,0.00858748927170369,0.00735482669144161,0.00135608208755078,0.00625371907922638,0.00139114390621148
"TTGG",0.000994556187043129,2.32692703465863e-18,0.0585067046809822,2.92509856324775e-18,7.44888703725803e-18,4.27203835609569e-18,6.45635056965066e-18,0.000320423772557672,4.02590633287746e-18,0.0120283805560887,4.38304665760992e-18,3.35387471983224e-08,1.40409500466216e-06,0.155111574126333,7.04756501819031e-06,0.000177359037321155,1.92223729204547e-06,1.98812514501648e-07,0.0068526087805016,9.69382644759383e-05
